episode_reward_max,episode_reward_min,episode_reward_mean,episode_len_mean,episodes_this_iter,num_healthy_workers,timesteps_total,timesteps_this_iter,agent_timesteps_total,done,episodes_total,training_iteration,trial_id,experiment_id,date,timestamp,time_this_iter_s,time_total_s,pid,hostname,node_ip,time_since_restore,timesteps_since_restore,iterations_since_restore,warmup_time,hist_stats/episode_reward,hist_stats/episode_lengths,sampler_perf/mean_raw_obs_processing_ms,sampler_perf/mean_inference_ms,sampler_perf/mean_action_processing_ms,sampler_perf/mean_env_wait_ms,sampler_perf/mean_env_render_ms,timers/sample_time_ms,timers/sample_throughput,timers/learn_time_ms,timers/learn_throughput,timers/update_time_ms,info/num_steps_sampled,info/num_agent_steps_sampled,info/num_steps_trained,info/num_steps_trained_this_iter,perf/cpu_util_percent,perf/ram_util_percent,info/learner/default_policy/learner_stats/total_loss,info/learner/default_policy/learner_stats/policy_loss,info/learner/default_policy/learner_stats/value_loss
0.0,-1.0,-0.296875,8.234375,128,2,1054,1054,1054,False,128,1,c1f88_00000,c6b46d9eac1a4621a3df776a6d12b0ac,2022-05-25_18-32-33,1653496353,182.69845867156982,182.69845867156982,4898,n5.lab-ia.local,192.168.100.5,182.69845867156982,1054,1,19.96063470840454,"[0.0, 0.0, -1.0, 0.0, 0.0, 0.0, -1.0, 0.0, 0.0, 0.0, -1.0, 0.0, 0.0, 0.0, 0.0, 0.0, 0.0, 0.0, -1.0, -1.0, -1.0, 0.0, 0.0, 0.0, 0.0, 0.0, 0.0, 0.0, -1.0, -1.0, 0.0, -1.0, 0.0, 0.0, 0.0, -1.0, -1.0, 0.0, -1.0, 0.0, 0.0, -1.0, 0.0, 0.0, 0.0, 0.0, 0.0, -1.0, 0.0, -1.0, 0.0, 0.0, 0.0, 0.0, -1.0, 0.0, 0.0, 0.0, -1.0, -1.0, 0.0, 0.0, 0.0, 0.0, 0.0, -1.0, 0.0, 0.0, -1.0, -1.0, 0.0, -1.0, 0.0, -1.0, 0.0, 0.0, -1.0, 0.0, 0.0, 0.0, 0.0, -1.0, 0.0, -1.0, 0.0, 0.0, 0.0, 0.0, 0.0, 0.0, -1.0, -1.0, -1.0, 0.0, 0.0, -1.0, 0.0, -1.0, 0.0, -1.0, -1.0, 0.0, 0.0, 0.0, 0.0, -1.0, 0.0, 0.0, 0.0, 0.0, 0.0, 0.0, 0.0, -1.0, 0.0, 0.0, 0.0, 0.0, 0.0, 0.0, 0.0, 0.0, -1.0, -1.0, 0.0, 0.0, -1.0, 0.0]","[9, 9, 7, 9, 9, 9, 7, 9, 9, 9, 5, 9, 9, 9, 9, 9, 9, 9, 5, 7, 7, 9, 9, 9, 9, 9, 9, 9, 7, 7, 9, 7, 9, 9, 9, 5, 7, 9, 7, 9, 9, 7, 9, 9, 9, 9, 9, 7, 9, 5, 9, 9, 9, 9, 7, 9, 9, 9, 5, 7, 9, 9, 9, 9, 9, 9, 9, 9, 5, 7, 9, 5, 9, 5, 9, 9, 7, 9, 9, 9, 9, 7, 9, 7, 9, 9, 9, 9, 9, 9, 7, 7, 5, 9, 9, 5, 9, 7, 9, 5, 7, 9, 9, 9, 9, 7, 9, 9, 9, 9, 9, 9, 9, 7, 9, 9, 9, 9, 9, 9, 9, 9, 5, 7, 9, 9, 7, 9]",0.25271087299600414,340.6099799912816,0.0944596771145816,0.1055668104006008,0.0,182425.849,5.778,278.788,3780.649,1.604,1054,1054,1054,1054,6.253639846743295,5.359770114942528,1.1895074,2.1866074,0.19240764
0.0,-1.0,-0.37593984962406013,7.902255639097745,133,2,2105,1051,2105,False,261,2,c1f88_00000,c6b46d9eac1a4621a3df776a6d12b0ac,2022-05-25_18-35-43,1653496543,190.0224232673645,372.7208819389343,4898,n5.lab-ia.local,192.168.100.5,372.7208819389343,2105,2,19.96063470840454,"[0.0, -1.0, 0.0, -1.0, -1.0, -1.0, -1.0, -1.0, 0.0, 0.0, 0.0, 0.0, 0.0, 0.0, 0.0, -1.0, 0.0, 0.0, -1.0, -1.0, 0.0, 0.0, 0.0, -1.0, 0.0, 0.0, 0.0, 0.0, 0.0, 0.0, 0.0, -1.0, 0.0, 0.0, -1.0, 0.0, -1.0, 0.0, 0.0, -1.0, 0.0, 0.0, -1.0, 0.0, 0.0, 0.0, 0.0, 0.0, 0.0, -1.0, 0.0, -1.0, 0.0, -1.0, 0.0, -1.0, -1.0, -1.0, -1.0, 0.0, 0.0, -1.0, 0.0, 0.0, -1.0, 0.0, -1.0, -1.0, -1.0, 0.0, 0.0, -1.0, 0.0, -1.0, 0.0, 0.0, -1.0, 0.0, 0.0, -1.0, 0.0, 0.0, 0.0, 0.0, -1.0, 0.0, -1.0, 0.0, 0.0, -1.0, -1.0, 0.0, -1.0, 0.0, 0.0, -1.0, -1.0, 0.0, 0.0, 0.0, -1.0, 0.0, -1.0, 0.0, 0.0, 0.0, 0.0, -1.0, -1.0, 0.0, -1.0, 0.0, -1.0, 0.0, -1.0, 0.0, -1.0, -1.0, -1.0, -1.0, 0.0, 0.0, -1.0, 0.0, 0.0, 0.0, 0.0, 0.0, 0.0, 0.0, 0.0, 0.0, 0.0]","[9, 7, 9, 7, 5, 8, 7, 7, 9, 9, 9, 9, 9, 9, 9, 5, 9, 9, 5, 7, 9, 9, 9, 7, 9, 9, 9, 9, 9, 9, 9, 5, 9, 9, 5, 9, 5, 9, 9, 7, 9, 9, 5, 9, 9, 9, 9, 9, 9, 7, 9, 7, 9, 7, 9, 7, 5, 5, 7, 9, 9, 5, 9, 9, 5, 9, 5, 5, 5, 9, 9, 5, 9, 5, 9, 9, 7, 9, 9, 7, 9, 9, 9, 9, 7, 9, 7, 9, 9, 5, 7, 9, 7, 9, 9, 5, 5, 9, 9, 9, 5, 9, 5, 9, 9, 9, 9, 7, 7, 9, 5, 9, 7, 9, 7, 9, 7, 5, 7, 5, 9, 9, 8, 9, 9, 9, 9, 9, 9, 9, 9, 9, 9]",0.25370060473092165,348.646507271788,0.09337088310719188,0.10550328875135348,0.0,186250.059,5.651,265.559,3963.34,1.615,2105,2105,2105,1051,6.277490774907749,5.4,1.1945893,2.166434,0.22274457
0.0,-1.0,-0.3582089552238806,7.947761194029851,134,2,3170,1065,3170,False,395,3,c1f88_00000,c6b46d9eac1a4621a3df776a6d12b0ac,2022-05-25_18-38-55,1653496735,191.40837502479553,564.1292569637299,4898,n5.lab-ia.local,192.168.100.5,564.1292569637299,3170,3,19.96063470840454,"[-1.0, -1.0, -1.0, 0.0, 0.0, 0.0, -1.0, -1.0, -1.0, -1.0, -1.0, -1.0, 0.0, 0.0, 0.0, -1.0, 0.0, 0.0, -1.0, -1.0, 0.0, -1.0, -1.0, -1.0, 0.0, -1.0, 0.0, -1.0, 0.0, -1.0, 0.0, -1.0, 0.0, 0.0, 0.0, -1.0, 0.0, 0.0, 0.0, 0.0, 0.0, 0.0, 0.0, 0.0, 0.0, -1.0, -1.0, 0.0, 0.0, 0.0, -1.0, 0.0, 0.0, -1.0, -1.0, -1.0, 0.0, 0.0, 0.0, 0.0, 0.0, -1.0, 0.0, 0.0, -1.0, 0.0, 0.0, -1.0, 0.0, 0.0, 0.0, -1.0, 0.0, 0.0, 0.0, 0.0, 0.0, 0.0, -1.0, 0.0, -1.0, 0.0, 0.0, 0.0, 0.0, 0.0, 0.0, 0.0, -1.0, 0.0, 0.0, 0.0, -1.0, 0.0, -1.0, 0.0, -1.0, 0.0, -1.0, -1.0, -1.0, 0.0, 0.0, 0.0, 0.0, -1.0, 0.0, 0.0, 0.0, 0.0, -1.0, -1.0, -1.0, 0.0, 0.0, 0.0, 0.0, 0.0, -1.0, 0.0, -1.0, -1.0, 0.0, -1.0, 0.0, -1.0, 0.0, 0.0, 0.0, 0.0, 0.0, 0.0, 0.0, 0.0]","[5, 7, 7, 9, 9, 9, 5, 5, 7, 7, 5, 7, 9, 9, 9, 7, 9, 9, 8, 7, 9, 5, 5, 7, 9, 5, 9, 5, 9, 5, 9, 7, 9, 9, 9, 7, 9, 9, 9, 9, 9, 9, 9, 9, 9, 5, 7, 9, 9, 9, 7, 9, 9, 7, 5, 5, 9, 9, 9, 9, 9, 5, 9, 9, 5, 9, 9, 5, 9, 9, 9, 7, 9, 9, 9, 9, 9, 9, 7, 9, 5, 9, 9, 9, 9, 9, 9, 9, 7, 9, 9, 9, 5, 9, 7, 9, 6, 9, 7, 7, 7, 9, 9, 9, 9, 5, 9, 9, 9, 9, 7, 5, 5, 9, 9, 9, 9, 9, 5, 9, 5, 7, 9, 7, 9, 6, 9, 9, 9, 9, 9, 9, 9, 9]",0.2575206631316228,350.7334231199382,0.09185275261736177,0.10453621187211494,0.0,187977.687,5.621,261.351,4043.098,1.716,3170,3170,3170,1065,6.285347985347985,5.3999999999999995,1.1765056,2.135549,0.21746144
0.0,-1.0,-0.21774193548387097,8.451612903225806,124,2,4218,1048,4218,False,519,4,c1f88_00000,c6b46d9eac1a4621a3df776a6d12b0ac,2022-05-25_18-41-59,1653496919,183.84905004501343,747.9783070087433,4898,n5.lab-ia.local,192.168.100.5,747.9783070087433,4218,4,19.96063470840454,"[0.0, 0.0, 0.0, 0.0, 0.0, -1.0, 0.0, 0.0, -1.0, -1.0, 0.0, 0.0, 0.0, 0.0, -1.0, -1.0, 0.0, -1.0, 0.0, 0.0, 0.0, 0.0, 0.0, -1.0, 0.0, -1.0, 0.0, 0.0, -1.0, 0.0, 0.0, 0.0, 0.0, 0.0, 0.0, 0.0, 0.0, 0.0, 0.0, 0.0, 0.0, -1.0, 0.0, 0.0, -1.0, 0.0, 0.0, 0.0, 0.0, 0.0, -1.0, 0.0, 0.0, -1.0, -1.0, 0.0, 0.0, -1.0, 0.0, -1.0, 0.0, 0.0, 0.0, 0.0, 0.0, 0.0, 0.0, 0.0, 0.0, 0.0, 0.0, -1.0, 0.0, 0.0, 0.0, 0.0, 0.0, -1.0, -1.0, 0.0, 0.0, 0.0, 0.0, 0.0, 0.0, 0.0, -1.0, 0.0, 0.0, 0.0, 0.0, 0.0, 0.0, 0.0, 0.0, 0.0, 0.0, 0.0, 0.0, 0.0, 0.0, 0.0, 0.0, 0.0, -1.0, -1.0, 0.0, 0.0, 0.0, 0.0, 0.0, -1.0, 0.0, -1.0, -1.0, 0.0, 0.0, -1.0, 0.0, 0.0, -1.0, 0.0, 0.0, 0.0]","[9, 9, 9, 9, 9, 7, 9, 9, 7, 7, 9, 9, 9, 9, 7, 7, 9, 5, 9, 9, 9, 9, 9, 6, 9, 7, 9, 9, 5, 9, 9, 9, 9, 9, 9, 9, 9, 9, 9, 9, 9, 7, 9, 9, 5, 9, 9, 9, 9, 9, 7, 9, 9, 7, 7, 9, 9, 5, 9, 5, 9, 9, 9, 9, 9, 9, 9, 9, 9, 9, 9, 7, 9, 9, 9, 9, 9, 7, 5, 9, 9, 9, 9, 9, 9, 9, 7, 9, 9, 9, 9, 9, 9, 9, 9, 9, 9, 9, 9, 9, 9, 9, 9, 9, 7, 9, 9, 9, 9, 9, 9, 6, 9, 7, 7, 9, 9, 7, 9, 9, 5, 9, 9, 9]",0.25249169281149303,348.7785810185393,0.09088966484295999,0.10397177021428114,0.0,186952.061,5.64,258.88,4073.314,2.059,4218,4218,4218,1048,6.2236641221374045,5.3999999999999995,1.1435454,2.1395216,0.14756912
0.0,-1.0,-0.29770992366412213,8.091603053435115,131,2,5278,1060,5278,False,650,5,c1f88_00000,c6b46d9eac1a4621a3df776a6d12b0ac,2022-05-25_18-45-04,1653497104,185.4903519153595,933.4686589241028,4898,n5.lab-ia.local,192.168.100.5,933.4686589241028,5278,5,19.96063470840454,"[0.0, 0.0, -1.0, 0.0, -1.0, 0.0, 0.0, 0.0, -1.0, -1.0, -1.0, 0.0, -1.0, 0.0, -1.0, 0.0, -1.0, 0.0, -1.0, 0.0, 0.0, 0.0, 0.0, 0.0, 0.0, -1.0, 0.0, 0.0, 0.0, 0.0, 0.0, 0.0, 0.0, -1.0, -1.0, -1.0, 0.0, 0.0, 0.0, 0.0, 0.0, 0.0, 0.0, 0.0, 0.0, 0.0, 0.0, 0.0, -1.0, -1.0, 0.0, 0.0, 0.0, -1.0, -1.0, 0.0, -1.0, 0.0, 0.0, -1.0, -1.0, -1.0, 0.0, 0.0, 0.0, 0.0, 0.0, 0.0, 0.0, -1.0, 0.0, 0.0, -1.0, 0.0, 0.0, 0.0, 0.0, -1.0, 0.0, 0.0, -1.0, -1.0, 0.0, 0.0, 0.0, 0.0, 0.0, 0.0, 0.0, 0.0, -1.0, -1.0, -1.0, -1.0, 0.0, 0.0, 0.0, 0.0, -1.0, 0.0, 0.0, -1.0, 0.0, 0.0, 0.0, 0.0, -1.0, 0.0, 0.0, 0.0, 0.0, 0.0, -1.0, 0.0, 0.0, -1.0, -1.0, 0.0, 0.0, 0.0, 0.0, 0.0, 0.0, 0.0, 0.0, 0.0, -1.0, 0.0, -1.0, -1.0, 0.0]","[9, 9, 5, 9, 7, 9, 9, 9, 7, 5, 5, 9, 5, 9, 7, 9, 7, 9, 5, 9, 9, 9, 9, 9, 9, 5, 9, 9, 9, 9, 9, 9, 9, 5, 7, 5, 9, 9, 9, 9, 9, 9, 9, 9, 9, 9, 9, 9, 5, 7, 9, 9, 9, 7, 7, 9, 5, 9, 9, 5, 5, 7, 9, 9, 9, 9, 9, 9, 9, 7, 9, 9, 5, 9, 9, 9, 9, 5, 9, 9, 7, 7, 9, 9, 9, 9, 9, 9, 9, 9, 5, 5, 5, 8, 9, 9, 9, 9, 5, 9, 9, 7, 9, 9, 9, 9, 7, 9, 9, 9, 9, 9, 9, 9, 9, 5, 5, 9, 9, 9, 9, 9, 9, 9, 9, 9, 5, 9, 7, 5, 9]",0.2506815642724962,347.84768722362736,0.09029628718042745,0.10436100943758657,0.0,186663.521,5.655,258.468,4084.061,1.984,5278,5278,5278,1060,6.256603773584906,5.4,1.1217747,2.0660918,0.17745776
0.0,-1.0,-0.192,8.448,125,2,6334,1056,6334,False,775,6,c1f88_00000,c6b46d9eac1a4621a3df776a6d12b0ac,2022-05-25_18-48-07,1653497287,183.25500535964966,1116.7236642837524,4898,n5.lab-ia.local,192.168.100.5,1116.7236642837524,6334,6,19.96063470840454,"[-1.0, 0.0, 0.0, 0.0, 0.0, 0.0, -1.0, 0.0, 0.0, 0.0, 0.0, -1.0, 0.0, 0.0, 0.0, 0.0, 0.0, 0.0, 0.0, 0.0, 0.0, 0.0, 0.0, 0.0, 0.0, -1.0, 0.0, -1.0, 0.0, 0.0, -1.0, 0.0, 0.0, -1.0, 0.0, 0.0, 0.0, 0.0, 0.0, 0.0, -1.0, 0.0, 0.0, 0.0, 0.0, 0.0, 0.0, 0.0, 0.0, 0.0, 0.0, -1.0, 0.0, 0.0, -1.0, -1.0, -1.0, 0.0, 0.0, -1.0, 0.0, 0.0, 0.0, -1.0, 0.0, 0.0, 0.0, 0.0, 0.0, 0.0, 0.0, 0.0, 0.0, 0.0, 0.0, 0.0, 0.0, -1.0, -1.0, -1.0, 0.0, 0.0, -1.0, 0.0, -1.0, 0.0, 0.0, 0.0, -1.0, 0.0, 0.0, 0.0, 0.0, 0.0, 0.0, 0.0, 0.0, 0.0, 0.0, 0.0, 0.0, -1.0, 0.0, 0.0, 0.0, -1.0, 0.0, 0.0, 0.0, 0.0, 0.0, 0.0, 0.0, 0.0, 0.0, 0.0, 0.0, -1.0, 0.0, 0.0, 0.0, 0.0, -1.0, 0.0, 0.0]","[7, 9, 9, 9, 9, 9, 5, 9, 9, 9, 9, 7, 9, 9, 9, 9, 9, 9, 9, 9, 9, 9, 9, 9, 9, 6, 9, 5, 9, 9, 7, 9, 9, 5, 9, 9, 9, 9, 9, 9, 7, 9, 9, 9, 9, 9, 9, 9, 9, 9, 9, 7, 9, 9, 5, 5, 7, 9, 9, 5, 9, 9, 9, 5, 9, 9, 9, 9, 9, 9, 9, 9, 9, 9, 9, 9, 9, 7, 7, 7, 9, 9, 5, 9, 7, 9, 9, 9, 7, 9, 9, 9, 9, 9, 9, 9, 9, 9, 9, 9, 9, 7, 9, 9, 9, 7, 9, 9, 9, 9, 9, 9, 9, 9, 9, 9, 9, 5, 9, 9, 9, 9, 5, 9, 9]",0.24857680798288395,346.71777133070617,0.0899438918597472,0.10438970808956755,0.0,186100.346,5.673,257.316,4102.607,1.939,6334,6334,6334,1056,6.260153256704981,5.4,1.1072146,2.0908773,0.12355159
0.0,-1.0,-0.21774193548387097,8.451612903225806,124,2,7382,1048,7382,False,899,7,c1f88_00000,c6b46d9eac1a4621a3df776a6d12b0ac,2022-05-25_18-51-10,1653497470,182.13523197174072,1298.8588962554932,4898,n5.lab-ia.local,192.168.100.5,1298.8588962554932,7382,7,19.96063470840454,"[0.0, 0.0, 0.0, 0.0, 0.0, 0.0, 0.0, 0.0, -1.0, 0.0, 0.0, -1.0, 0.0, 0.0, 0.0, 0.0, 0.0, 0.0, -1.0, 0.0, 0.0, 0.0, 0.0, 0.0, 0.0, 0.0, -1.0, 0.0, 0.0, -1.0, 0.0, -1.0, -1.0, 0.0, 0.0, 0.0, 0.0, -1.0, 0.0, 0.0, -1.0, 0.0, 0.0, -1.0, 0.0, 0.0, 0.0, 0.0, 0.0, -1.0, 0.0, 0.0, -1.0, -1.0, 0.0, -1.0, 0.0, 0.0, 0.0, -1.0, -1.0, 0.0, 0.0, 0.0, 0.0, 0.0, 0.0, 0.0, 0.0, -1.0, -1.0, 0.0, 0.0, 0.0, 0.0, 0.0, 0.0, 0.0, -1.0, 0.0, 0.0, 0.0, 0.0, 0.0, 0.0, 0.0, -1.0, 0.0, -1.0, -1.0, 0.0, 0.0, 0.0, 0.0, 0.0, 0.0, 0.0, 0.0, 0.0, 0.0, 0.0, -1.0, 0.0, -1.0, 0.0, 0.0, 0.0, 0.0, 0.0, 0.0, -1.0, 0.0, 0.0, 0.0, 0.0, 0.0, 0.0, 0.0, 0.0, 0.0, -1.0, 0.0, -1.0, 0.0]","[9, 9, 9, 9, 9, 9, 9, 9, 5, 9, 9, 7, 9, 9, 9, 9, 9, 9, 7, 9, 9, 9, 9, 9, 9, 9, 7, 9, 9, 8, 9, 7, 5, 9, 9, 9, 9, 7, 9, 9, 7, 9, 9, 7, 9, 9, 9, 9, 9, 5, 9, 9, 7, 5, 9, 7, 9, 9, 9, 7, 7, 9, 9, 9, 9, 9, 9, 9, 9, 7, 7, 9, 9, 9, 9, 9, 9, 9, 7, 9, 9, 9, 9, 9, 9, 9, 5, 9, 7, 7, 9, 9, 9, 9, 9, 9, 9, 9, 9, 9, 9, 5, 9, 6, 9, 9, 9, 9, 9, 9, 7, 9, 9, 9, 9, 9, 9, 9, 9, 9, 7, 9, 5, 9]",0.24856046346723026,345.94577442782634,0.08973856400667785,0.10423260725886634,0.0,185538.295,5.684,255.734,4123.708,1.892,7382,7382,7382,1048,6.246923076923077,5.4,1.1049297,2.062758,0.14710186
0.0,-1.0,-0.17886178861788618,8.495934959349594,123,2,8427,1045,8427,False,1022,8,c1f88_00000,c6b46d9eac1a4621a3df776a6d12b0ac,2022-05-25_18-54-08,1653497648,178.12003827095032,1476.9789345264435,4898,n5.lab-ia.local,192.168.100.5,1476.9789345264435,8427,8,19.96063470840454,"[-1.0, 0.0, 0.0, 0.0, 0.0, 0.0, -1.0, 0.0, 0.0, 0.0, 0.0, -1.0, 0.0, 0.0, 0.0, 0.0, 0.0, 0.0, 0.0, 0.0, -1.0, 0.0, 0.0, 0.0, 0.0, 0.0, 0.0, 0.0, 0.0, 0.0, 0.0, 0.0, 0.0, 0.0, 0.0, 0.0, 0.0, 0.0, 0.0, 0.0, -1.0, -1.0, 0.0, -1.0, 0.0, 0.0, -1.0, -1.0, 0.0, 0.0, -1.0, -1.0, 0.0, 0.0, -1.0, 0.0, 0.0, 0.0, 0.0, 0.0, 0.0, 0.0, 0.0, 0.0, -1.0, 0.0, 0.0, 0.0, 0.0, 0.0, 0.0, 0.0, -1.0, 0.0, 0.0, -1.0, 0.0, 0.0, 0.0, 0.0, -1.0, 0.0, -1.0, 0.0, 0.0, 0.0, 0.0, -1.0, 0.0, 0.0, 0.0, 0.0, 0.0, 0.0, 0.0, 0.0, 0.0, 0.0, 0.0, -1.0, 0.0, 0.0, 0.0, 0.0, 0.0, 0.0, -1.0, 0.0, 0.0, 0.0, 0.0, 0.0, 0.0, 0.0, 0.0, 0.0, 0.0, 0.0, 0.0, -1.0, 0.0, 0.0, -1.0]","[7, 9, 9, 9, 9, 9, 5, 9, 9, 9, 9, 5, 9, 9, 9, 9, 9, 9, 9, 9, 5, 9, 9, 9, 9, 9, 9, 9, 9, 9, 9, 9, 9, 9, 9, 9, 9, 9, 9, 9, 5, 5, 9, 7, 9, 9, 5, 7, 9, 9, 5, 7, 9, 9, 5, 9, 9, 9, 9, 9, 9, 9, 9, 9, 6, 9, 9, 9, 9, 9, 9, 9, 9, 9, 9, 5, 9, 9, 9, 9, 7, 9, 8, 9, 9, 9, 9, 7, 9, 9, 9, 9, 9, 9, 9, 9, 9, 9, 9, 5, 9, 9, 9, 9, 9, 9, 7, 9, 9, 9, 9, 9, 9, 9, 9, 9, 9, 9, 9, 7, 9, 9, 7]",0.24714702004396014,344.4481577382025,0.08940179639071916,0.10398590783353198,0.0,184614.076,5.706,254.576,4137.759,1.867,8427,8427,8427,1045,6.245275590551181,5.3999999999999995,1.0590209,1.9984746,0.11956732
0.0,-1.0,-0.07377049180327869,8.770491803278688,122,2,9497,1070,9497,False,1144,9,c1f88_00000,c6b46d9eac1a4621a3df776a6d12b0ac,2022-05-25_18-57-06,1653497826,177.95681977272034,1654.9357542991638,4898,n5.lab-ia.local,192.168.100.5,1654.9357542991638,9497,9,19.96063470840454,"[0.0, 0.0, 0.0, 0.0, 0.0, 0.0, 0.0, 0.0, 0.0, -1.0, 0.0, 0.0, 0.0, 0.0, 0.0, 0.0, 0.0, 0.0, 0.0, 0.0, 0.0, 0.0, 0.0, 0.0, 0.0, 0.0, 0.0, 0.0, 0.0, 0.0, 0.0, 0.0, 0.0, 0.0, 0.0, 0.0, 0.0, 0.0, 0.0, 0.0, 0.0, 0.0, 0.0, 0.0, 0.0, 0.0, 0.0, 0.0, 0.0, 0.0, 0.0, 0.0, 0.0, 0.0, 0.0, -1.0, 0.0, 0.0, 0.0, 0.0, 0.0, 0.0, 0.0, 0.0, 0.0, 0.0, 0.0, 0.0, 0.0, -1.0, 0.0, 0.0, 0.0, -1.0, 0.0, 0.0, 0.0, 0.0, 0.0, 0.0, 0.0, -1.0, 0.0, 0.0, 0.0, 0.0, 0.0, 0.0, -1.0, 0.0, 0.0, 0.0, -1.0, -1.0, 0.0, 0.0, 0.0, 0.0, 0.0, 0.0, 0.0, -1.0, 0.0, 0.0, 0.0, 0.0, 0.0, 0.0, 0.0, 0.0, 0.0, 0.0, 0.0, 0.0, 0.0, 0.0, 0.0, 0.0, 0.0, 0.0, 0.0, 0.0]","[9, 9, 9, 9, 9, 9, 9, 9, 9, 7, 9, 9, 9, 9, 9, 9, 9, 9, 9, 9, 9, 9, 9, 9, 9, 9, 9, 9, 9, 9, 9, 9, 9, 9, 9, 9, 9, 9, 9, 9, 9, 9, 9, 9, 9, 9, 9, 9, 9, 9, 9, 9, 9, 9, 9, 7, 9, 9, 9, 9, 9, 9, 9, 9, 9, 9, 9, 9, 9, 5, 9, 9, 9, 5, 9, 9, 9, 9, 9, 9, 9, 7, 9, 9, 9, 9, 9, 9, 5, 9, 9, 9, 5, 5, 9, 9, 9, 9, 9, 9, 9, 7, 9, 9, 9, 9, 9, 9, 9, 9, 9, 9, 9, 9, 9, 9, 9, 9, 9, 9, 9, 9]",0.2480190185735905,342.42519969740465,0.08879152064150221,0.10376473637689484,0.0,183876.283,5.739,254.59,4144.79,1.849,9497,9497,9497,1070,6.222047244094488,5.3999999999999995,1.0198511,1.9922243,0.04747818
0.0,-1.0,-0.0743801652892562,8.768595041322314,121,2,10558,1061,10558,False,1265,10,c1f88_00000,c6b46d9eac1a4621a3df776a6d12b0ac,2022-05-25_18-59-58,1653497998,172.3053810596466,1827.2411353588104,4898,n5.lab-ia.local,192.168.100.5,1827.2411353588104,10558,10,19.96063470840454,"[0.0, 0.0, -1.0, 0.0, 0.0, 0.0, 0.0, 0.0, 0.0, 0.0, 0.0, 0.0, -1.0, 0.0, 0.0, 0.0, 0.0, 0.0, 0.0, 0.0, 0.0, -1.0, 0.0, 0.0, 0.0, 0.0, 0.0, 0.0, 0.0, 0.0, 0.0, -1.0, 0.0, 0.0, 0.0, 0.0, 0.0, 0.0, 0.0, 0.0, 0.0, 0.0, 0.0, 0.0, 0.0, 0.0, 0.0, 0.0, 0.0, -1.0, 0.0, 0.0, 0.0, 0.0, 0.0, 0.0, 0.0, 0.0, 0.0, 0.0, 0.0, 0.0, 0.0, 0.0, -1.0, 0.0, 0.0, 0.0, 0.0, 0.0, 0.0, -1.0, 0.0, 0.0, 0.0, 0.0, -1.0, 0.0, 0.0, 0.0, 0.0, 0.0, 0.0, 0.0, 0.0, 0.0, 0.0, 0.0, 0.0, 0.0, 0.0, 0.0, 0.0, 0.0, 0.0, -1.0, 0.0, 0.0, 0.0, 0.0, 0.0, 0.0, 0.0, 0.0, 0.0, 0.0, 0.0, 0.0, 0.0, 0.0, 0.0, 0.0, 0.0, 0.0, 0.0, 0.0, 0.0, 0.0, 0.0, 0.0, 0.0]","[9, 9, 5, 9, 9, 9, 9, 9, 9, 9, 9, 9, 5, 9, 9, 9, 9, 9, 9, 9, 9, 5, 9, 9, 9, 9, 9, 9, 9, 9, 9, 7, 9, 9, 9, 9, 9, 9, 9, 9, 9, 9, 9, 9, 9, 9, 9, 9, 9, 5, 9, 9, 9, 9, 9, 9, 9, 9, 9, 9, 9, 9, 9, 9, 7, 9, 9, 9, 9, 9, 9, 7, 9, 9, 9, 9, 7, 9, 9, 9, 9, 9, 9, 9, 9, 9, 9, 9, 9, 9, 9, 9, 9, 9, 9, 5, 9, 9, 9, 9, 9, 9, 9, 9, 9, 9, 9, 9, 9, 9, 9, 9, 9, 9, 9, 9, 9, 9, 9, 9, 9]",0.24605180673912994,339.91645776964896,0.0881316490150021,0.10337736170547458,0.0,182721.983,5.778,254.158,4154.111,1.777,10558,10558,10558,1061,6.241056910569106,5.4,1.0109074,1.9743817,0.047433443
0.0,-1.0,-0.041666666666666664,8.866666666666667,120,2,11622,1064,11622,False,1385,11,c1f88_00000,c6b46d9eac1a4621a3df776a6d12b0ac,2022-05-25_19-02-52,1653498172,174.10634684562683,2001.3474822044373,4898,n5.lab-ia.local,192.168.100.5,2001.3474822044373,11622,11,19.96063470840454,"[0.0, 0.0, 0.0, 0.0, 0.0, 0.0, 0.0, 0.0, 0.0, 0.0, 0.0, 0.0, 0.0, 0.0, -1.0, 0.0, 0.0, 0.0, 0.0, 0.0, 0.0, 0.0, 0.0, 0.0, 0.0, 0.0, 0.0, 0.0, 0.0, -1.0, 0.0, 0.0, 0.0, 0.0, 0.0, 0.0, 0.0, 0.0, 0.0, 0.0, 0.0, 0.0, 0.0, 0.0, 0.0, 0.0, 0.0, 0.0, 0.0, 0.0, 0.0, 0.0, 0.0, 0.0, 0.0, 0.0, 0.0, 0.0, 0.0, 0.0, 0.0, 0.0, 0.0, 0.0, 0.0, 0.0, 0.0, 0.0, 0.0, 0.0, 0.0, 0.0, 0.0, 0.0, 0.0, 0.0, 0.0, 0.0, 0.0, 0.0, 0.0, 0.0, 0.0, 0.0, 0.0, 0.0, 0.0, 0.0, -1.0, 0.0, 0.0, 0.0, 0.0, 0.0, 0.0, 0.0, 0.0, 0.0, 0.0, 0.0, -1.0, 0.0, 0.0, 0.0, 0.0, 0.0, 0.0, 0.0, 0.0, 0.0, 0.0, 0.0, 0.0, 0.0, -1.0, 0.0, 0.0, 0.0, 0.0, 0.0]","[9, 9, 9, 9, 9, 9, 9, 9, 9, 9, 9, 9, 9, 9, 7, 9, 9, 9, 9, 9, 9, 9, 9, 9, 9, 9, 9, 9, 9, 7, 9, 9, 9, 9, 9, 9, 9, 9, 9, 9, 9, 9, 9, 9, 9, 9, 9, 9, 9, 9, 9, 9, 9, 9, 9, 9, 9, 9, 9, 9, 9, 9, 9, 9, 9, 9, 9, 9, 9, 9, 9, 9, 9, 9, 9, 9, 9, 9, 9, 9, 9, 9, 9, 9, 9, 9, 9, 9, 5, 9, 9, 9, 9, 9, 9, 9, 9, 9, 9, 9, 5, 9, 9, 9, 9, 9, 9, 9, 9, 9, 9, 9, 9, 9, 5, 9, 9, 9, 9, 9]",0.2440458677311023,338.2346656781881,0.08761261549240805,0.10307767332819834,0.0,181894.599,5.81,251.295,4205.411,1.819,11622,11622,11622,1064,6.255645161290323,5.400000000000001,1.0011508,1.9757123,0.02658946
0.0,-1.0,-0.08196721311475409,8.778688524590164,122,2,12693,1071,12693,False,1507,12,c1f88_00000,c6b46d9eac1a4621a3df776a6d12b0ac,2022-05-25_19-05-46,1653498346,173.36439204216003,2174.7118742465973,4898,n5.lab-ia.local,192.168.100.5,2174.7118742465973,12693,12,19.96063470840454,"[0.0, 0.0, 0.0, 0.0, -1.0, 0.0, 0.0, 0.0, 0.0, 0.0, 0.0, 0.0, 0.0, 0.0, 0.0, 0.0, 0.0, 0.0, 0.0, 0.0, 0.0, 0.0, 0.0, 0.0, 0.0, 0.0, 0.0, 0.0, 0.0, 0.0, 0.0, 0.0, 0.0, 0.0, 0.0, 0.0, 0.0, 0.0, 0.0, 0.0, 0.0, 0.0, 0.0, 0.0, -1.0, 0.0, 0.0, -1.0, 0.0, -1.0, 0.0, 0.0, 0.0, 0.0, 0.0, 0.0, 0.0, 0.0, 0.0, -1.0, 0.0, 0.0, 0.0, 0.0, 0.0, 0.0, 0.0, 0.0, 0.0, 0.0, 0.0, 0.0, 0.0, 0.0, 0.0, 0.0, 0.0, 0.0, 0.0, -1.0, 0.0, 0.0, 0.0, 0.0, 0.0, 0.0, -1.0, 0.0, 0.0, 0.0, -1.0, 0.0, 0.0, -1.0, 0.0, 0.0, 0.0, 0.0, 0.0, 0.0, 0.0, -1.0, 0.0, 0.0, 0.0, 0.0, 0.0, 0.0, 0.0, 0.0, 0.0, 0.0, 0.0, 0.0, 0.0, 0.0, 0.0, 0.0, 0.0, 0.0, 0.0, 0.0]","[9, 9, 9, 9, 8, 9, 9, 9, 9, 9, 9, 9, 9, 9, 9, 9, 9, 9, 9, 9, 9, 9, 9, 9, 9, 9, 9, 9, 9, 9, 9, 9, 9, 9, 9, 9, 9, 9, 9, 9, 9, 9, 9, 9, 7, 9, 9, 5, 9, 7, 9, 9, 9, 9, 9, 9, 9, 9, 9, 5, 9, 9, 9, 9, 9, 9, 9, 9, 9, 9, 9, 9, 9, 9, 9, 9, 9, 9, 9, 5, 9, 9, 9, 9, 9, 9, 7, 9, 9, 9, 5, 9, 9, 7, 9, 9, 9, 9, 9, 9, 9, 7, 9, 9, 9, 9, 9, 9, 9, 9, 9, 9, 9, 9, 9, 9, 9, 9, 9, 9, 9, 9]",0.24223550188478865,336.3932949889936,0.08715050277048719,0.10275398738761085,0.0,180226.147,5.875,251.297,4213.343,1.808,12693,12693,12693,1071,6.214112903225806,5.400000000000001,1.0172566,1.9776292,0.05688394
0.0,-1.0,-0.058333333333333334,8.85,120,2,13755,1062,13755,False,1627,13,c1f88_00000,c6b46d9eac1a4621a3df776a6d12b0ac,2022-05-25_19-08-36,1653498516,170.75432682037354,2345.466201066971,4898,n5.lab-ia.local,192.168.100.5,2345.466201066971,13755,13,19.96063470840454,"[0.0, 0.0, 0.0, 0.0, 0.0, 0.0, 0.0, 0.0, 0.0, 0.0, 0.0, 0.0, 0.0, 0.0, 0.0, 0.0, 0.0, 0.0, 0.0, 0.0, 0.0, 0.0, 0.0, 0.0, 0.0, 0.0, 0.0, -1.0, 0.0, 0.0, 0.0, 0.0, 0.0, 0.0, 0.0, 0.0, 0.0, 0.0, 0.0, 0.0, 0.0, -1.0, 0.0, 0.0, 0.0, 0.0, 0.0, 0.0, 0.0, 0.0, 0.0, 0.0, 0.0, 0.0, 0.0, 0.0, 0.0, 0.0, 0.0, 0.0, 0.0, 0.0, 0.0, 0.0, 0.0, -1.0, -1.0, 0.0, 0.0, 0.0, 0.0, 0.0, 0.0, 0.0, 0.0, 0.0, 0.0, 0.0, 0.0, 0.0, 0.0, 0.0, 0.0, 0.0, 0.0, 0.0, 0.0, 0.0, 0.0, 0.0, 0.0, 0.0, 0.0, -1.0, 0.0, 0.0, 0.0, 0.0, 0.0, 0.0, 0.0, 0.0, 0.0, 0.0, 0.0, 0.0, 0.0, 0.0, 0.0, 0.0, 0.0, 0.0, 0.0, 0.0, -1.0, 0.0, 0.0, 0.0, 0.0, -1.0]","[9, 9, 9, 9, 9, 9, 9, 9, 9, 9, 9, 9, 9, 9, 9, 9, 9, 9, 9, 9, 9, 9, 9, 9, 9, 9, 9, 6, 9, 9, 9, 9, 9, 9, 9, 9, 9, 9, 9, 9, 9, 6, 9, 9, 9, 9, 9, 9, 9, 9, 9, 9, 9, 9, 9, 9, 9, 9, 9, 9, 9, 9, 9, 9, 9, 7, 7, 9, 9, 9, 9, 9, 9, 9, 9, 9, 9, 9, 9, 9, 9, 9, 9, 9, 9, 9, 9, 9, 9, 9, 9, 9, 9, 7, 9, 9, 9, 9, 9, 9, 9, 9, 9, 9, 9, 9, 9, 9, 9, 9, 9, 9, 9, 9, 5, 9, 9, 9, 9, 7]",0.24105441633789526,334.9471237229852,0.08677721412660366,0.10255440945268314,0.0,178160.838,5.941,251.149,4214.633,1.785,13755,13755,13755,1062,6.293004115226338,5.400000000000001,0.9922239,1.9423648,0.04208295
0.0,-1.0,-0.13114754098360656,8.59016393442623,122,2,14803,1048,14803,False,1749,14,c1f88_00000,c6b46d9eac1a4621a3df776a6d12b0ac,2022-05-25_19-11-27,1653498687,170.66536116600037,2516.131562232971,4898,n5.lab-ia.local,192.168.100.5,2516.131562232971,14803,14,19.96063470840454,"[0.0, 0.0, 0.0, -1.0, 0.0, 0.0, -1.0, 0.0, 0.0, 0.0, 0.0, 0.0, 0.0, 0.0, 0.0, 0.0, 0.0, 0.0, 0.0, 0.0, 0.0, 0.0, -1.0, 0.0, 0.0, 0.0, 0.0, 0.0, 0.0, -1.0, 0.0, 0.0, 0.0, 0.0, 0.0, 0.0, 0.0, 0.0, 0.0, 0.0, 0.0, 0.0, 0.0, 0.0, 0.0, 0.0, 0.0, 0.0, 0.0, 0.0, 0.0, 0.0, 0.0, 0.0, 0.0, -1.0, 0.0, 0.0, -1.0, -1.0, 0.0, 0.0, 0.0, 0.0, -1.0, 0.0, 0.0, 0.0, 0.0, 0.0, 0.0, 0.0, 0.0, -1.0, 0.0, 0.0, 0.0, 0.0, 0.0, 0.0, 0.0, 0.0, 0.0, 0.0, -1.0, 0.0, 0.0, 0.0, 0.0, 0.0, 0.0, 0.0, 0.0, 0.0, 0.0, 0.0, 0.0, 0.0, 0.0, -1.0, -1.0, 0.0, -1.0, 0.0, 0.0, -1.0, 0.0, 0.0, 0.0, 0.0, 0.0, 0.0, 0.0, -1.0, 0.0, -1.0, 0.0, 0.0, 0.0, 0.0, 0.0, 0.0]","[9, 9, 9, 5, 9, 9, 7, 9, 9, 9, 9, 9, 9, 9, 9, 9, 9, 9, 9, 9, 9, 9, 5, 9, 9, 9, 9, 9, 9, 6, 9, 9, 9, 9, 9, 9, 9, 9, 9, 9, 9, 9, 9, 9, 9, 9, 9, 9, 9, 9, 9, 9, 9, 9, 9, 7, 9, 9, 5, 5, 9, 9, 9, 9, 6, 9, 9, 9, 9, 9, 9, 9, 9, 5, 9, 9, 9, 9, 9, 9, 9, 9, 9, 9, 7, 9, 9, 9, 9, 9, 9, 9, 9, 9, 9, 9, 9, 9, 9, 5, 7, 9, 5, 9, 9, 7, 9, 9, 9, 9, 9, 9, 9, 5, 9, 7, 9, 9, 9, 9, 9, 9]",0.24324049054948144,333.87321204092115,0.08693093984363175,0.1025168043784887,0.0,176842.371,5.986,251.059,4216.141,1.661,14803,14803,14803,1048,6.748770491803279,5.441393442622951,1.055919,2.0263047,0.08553333
0.0,-1.0,-0.1,8.741666666666667,120,2,15852,1049,15852,False,1869,15,c1f88_00000,c6b46d9eac1a4621a3df776a6d12b0ac,2022-05-25_19-14-18,1653498858,171.20975518226624,2687.3413174152374,4898,n5.lab-ia.local,192.168.100.5,2687.3413174152374,15852,15,19.96063470840454,"[0.0, 0.0, 0.0, 0.0, 0.0, 0.0, 0.0, 0.0, 0.0, 0.0, 0.0, -1.0, 0.0, 0.0, 0.0, 0.0, 0.0, -1.0, 0.0, 0.0, -1.0, 0.0, 0.0, 0.0, 0.0, 0.0, 0.0, 0.0, 0.0, 0.0, 0.0, 0.0, 0.0, 0.0, 0.0, 0.0, 0.0, 0.0, 0.0, 0.0, 0.0, 0.0, -1.0, 0.0, 0.0, 0.0, 0.0, 0.0, 0.0, 0.0, 0.0, 0.0, 0.0, 0.0, 0.0, 0.0, 0.0, 0.0, -1.0, 0.0, -1.0, 0.0, 0.0, -1.0, 0.0, 0.0, 0.0, 0.0, 0.0, 0.0, 0.0, 0.0, 0.0, 0.0, 0.0, 0.0, 0.0, 0.0, 0.0, 0.0, 0.0, 0.0, 0.0, 0.0, -1.0, 0.0, 0.0, 0.0, 0.0, 0.0, 0.0, 0.0, 0.0, -1.0, 0.0, -1.0, 0.0, 0.0, 0.0, 0.0, -1.0, 0.0, 0.0, 0.0, 0.0, 0.0, 0.0, 0.0, 0.0, 0.0, 0.0, -1.0, 0.0, 0.0, 0.0, 0.0, 0.0, 0.0, 0.0, 0.0]","[9, 9, 9, 9, 9, 9, 9, 9, 9, 9, 9, 5, 9, 9, 9, 9, 9, 7, 9, 9, 7, 9, 9, 9, 9, 9, 9, 9, 9, 9, 9, 9, 9, 9, 9, 9, 9, 9, 9, 9, 9, 9, 7, 9, 9, 9, 9, 9, 9, 9, 9, 9, 9, 9, 9, 9, 9, 9, 7, 9, 5, 9, 9, 7, 9, 9, 9, 9, 9, 9, 9, 9, 9, 9, 9, 9, 9, 9, 9, 9, 9, 9, 9, 9, 7, 9, 9, 9, 9, 9, 9, 9, 9, 7, 9, 7, 9, 9, 9, 9, 6, 9, 9, 9, 9, 9, 9, 9, 9, 9, 9, 5, 9, 9, 9, 9, 9, 9, 9, 9]",0.24218883624408274,333.09107435146024,0.08675571932421657,0.10241986861493414,0.0,175414.922,6.028,250.348,4223.727,1.672,15852,15852,15852,1049,6.280737704918033,5.4,1.022635,1.9758544,0.06941534
0.0,-1.0,-0.058333333333333334,8.891666666666667,120,2,16919,1067,16919,False,1989,16,c1f88_00000,c6b46d9eac1a4621a3df776a6d12b0ac,2022-05-25_19-17-13,1653499033,175.0387806892395,2862.380098104477,4898,n5.lab-ia.local,192.168.100.5,2862.380098104477,16919,16,19.96063470840454,"[0.0, 0.0, 0.0, 0.0, 0.0, 0.0, 0.0, 0.0, -1.0, 0.0, 0.0, 0.0, 0.0, 0.0, 0.0, 0.0, 0.0, 0.0, 0.0, 0.0, 0.0, 0.0, 0.0, 0.0, 0.0, 0.0, 0.0, 0.0, 0.0, 0.0, -1.0, 0.0, 0.0, 0.0, 0.0, 0.0, 0.0, -1.0, 0.0, 0.0, 0.0, 0.0, 0.0, 0.0, 0.0, 0.0, 0.0, 0.0, 0.0, 0.0, 0.0, 0.0, 0.0, 0.0, 0.0, 0.0, 0.0, 0.0, 0.0, 0.0, 0.0, 0.0, 0.0, -1.0, 0.0, 0.0, 0.0, 0.0, 0.0, 0.0, 0.0, 0.0, -1.0, 0.0, 0.0, 0.0, 0.0, 0.0, 0.0, 0.0, 0.0, 0.0, 0.0, 0.0, 0.0, 0.0, 0.0, 0.0, -1.0, 0.0, 0.0, 0.0, 0.0, 0.0, 0.0, 0.0, 0.0, 0.0, 0.0, 0.0, 0.0, 0.0, 0.0, 0.0, 0.0, 0.0, 0.0, 0.0, 0.0, 0.0, 0.0, 0.0, 0.0, 0.0, 0.0, -1.0, 0.0, 0.0, 0.0, 0.0]","[9, 9, 9, 9, 9, 9, 9, 9, 7, 9, 9, 9, 9, 9, 9, 9, 9, 9, 9, 9, 9, 9, 9, 9, 9, 9, 9, 9, 9, 9, 6, 9, 9, 9, 9, 9, 9, 7, 9, 9, 9, 9, 9, 9, 9, 9, 9, 9, 9, 9, 9, 9, 9, 9, 9, 9, 9, 9, 9, 9, 9, 9, 9, 7, 9, 9, 9, 9, 9, 9, 9, 9, 7, 9, 9, 9, 9, 9, 9, 9, 9, 9, 9, 9, 9, 9, 9, 9, 9, 9, 9, 9, 9, 9, 9, 9, 9, 9, 9, 9, 9, 9, 9, 9, 9, 9, 9, 9, 9, 9, 9, 9, 9, 9, 9, 7, 9, 9, 9, 9]",0.24105452771974611,332.4075036264306,0.08662329648985288,0.10228438004578172,0.0,174592.365,6.063,250.486,4225.789,1.923,16919,16919,16919,1067,6.248399999999999,5.4,1.0258747,2.006122,0.045627523
0.0,-1.0,-0.075,8.841666666666667,120,2,17980,1061,17980,False,2109,17,c1f88_00000,c6b46d9eac1a4621a3df776a6d12b0ac,2022-05-25_19-20-05,1653499205,172.08896327018738,3034.4690613746643,4898,n5.lab-ia.local,192.168.100.5,3034.4690613746643,17980,17,19.96063470840454,"[0.0, -1.0, 0.0, 0.0, 0.0, 0.0, 0.0, 0.0, 0.0, 0.0, 0.0, 0.0, 0.0, 0.0, 0.0, 0.0, 0.0, 0.0, 0.0, 0.0, 0.0, 0.0, 0.0, 0.0, 0.0, 0.0, 0.0, 0.0, 0.0, 0.0, 0.0, 0.0, -1.0, 0.0, 0.0, 0.0, 0.0, 0.0, -1.0, 0.0, 0.0, 0.0, 0.0, 0.0, 0.0, -1.0, 0.0, 0.0, 0.0, 0.0, 0.0, 0.0, -1.0, -1.0, 0.0, 0.0, 0.0, 0.0, 0.0, 0.0, 0.0, 0.0, 0.0, 0.0, 0.0, 0.0, 0.0, 0.0, 0.0, 0.0, 0.0, 0.0, 0.0, 0.0, 0.0, 0.0, 0.0, 0.0, 0.0, 0.0, 0.0, 0.0, 0.0, 0.0, 0.0, 0.0, 0.0, 0.0, -1.0, 0.0, 0.0, 0.0, 0.0, 0.0, 0.0, -1.0, 0.0, 0.0, 0.0, 0.0, 0.0, 0.0, 0.0, 0.0, 0.0, 0.0, 0.0, 0.0, 0.0, -1.0, 0.0, 0.0, 0.0, 0.0, 0.0, 0.0, 0.0, 0.0, 0.0, 0.0]","[9, 7, 9, 9, 9, 9, 9, 9, 9, 9, 9, 9, 9, 9, 9, 9, 9, 9, 9, 9, 9, 9, 9, 9, 9, 9, 9, 9, 9, 9, 9, 9, 7, 9, 9, 9, 9, 9, 5, 9, 9, 9, 9, 9, 9, 7, 9, 9, 9, 9, 9, 9, 8, 7, 9, 9, 9, 9, 9, 9, 9, 9, 9, 9, 9, 9, 9, 9, 9, 9, 9, 9, 9, 9, 9, 9, 9, 9, 9, 9, 9, 9, 9, 9, 9, 9, 9, 9, 5, 9, 9, 9, 9, 9, 9, 7, 9, 9, 9, 9, 9, 9, 9, 9, 9, 9, 9, 9, 9, 9, 9, 9, 9, 9, 9, 9, 9, 9, 9, 9]",0.23990052913502768,331.4683389717104,0.0863793496745937,0.10206582589583847,0.0,173587.411,6.105,250.98,4222.642,1.927,17980,17980,17980,1061,6.218775510204082,5.4,1.01791,1.979282,0.05653783
0.0,-1.0,-0.0743801652892562,8.785123966942148,121,2,19043,1063,19043,False,2230,18,c1f88_00000,c6b46d9eac1a4621a3df776a6d12b0ac,2022-05-25_19-22-58,1653499378,172.31006479263306,3206.7791261672974,4898,n5.lab-ia.local,192.168.100.5,3206.7791261672974,19043,18,19.96063470840454,"[0.0, 0.0, 0.0, 0.0, 0.0, 0.0, 0.0, 0.0, 0.0, -1.0, -1.0, 0.0, 0.0, 0.0, 0.0, 0.0, 0.0, 0.0, 0.0, 0.0, 0.0, 0.0, 0.0, 0.0, 0.0, 0.0, 0.0, 0.0, 0.0, 0.0, 0.0, 0.0, -1.0, 0.0, 0.0, 0.0, -1.0, 0.0, 0.0, 0.0, 0.0, 0.0, 0.0, 0.0, 0.0, 0.0, 0.0, 0.0, 0.0, 0.0, 0.0, 0.0, 0.0, 0.0, 0.0, 0.0, 0.0, 0.0, 0.0, 0.0, 0.0, 0.0, 0.0, -1.0, 0.0, 0.0, 0.0, 0.0, 0.0, 0.0, 0.0, 0.0, -1.0, 0.0, -1.0, 0.0, 0.0, 0.0, 0.0, 0.0, 0.0, 0.0, 0.0, 0.0, 0.0, 0.0, 0.0, 0.0, 0.0, 0.0, 0.0, 0.0, 0.0, 0.0, 0.0, 0.0, 0.0, 0.0, 0.0, 0.0, 0.0, 0.0, 0.0, -1.0, 0.0, 0.0, 0.0, 0.0, 0.0, 0.0, 0.0, 0.0, 0.0, 0.0, 0.0, 0.0, 0.0, -1.0, 0.0, 0.0, 0.0]","[9, 9, 9, 9, 9, 9, 9, 9, 9, 7, 7, 9, 9, 9, 9, 9, 9, 9, 9, 9, 9, 9, 9, 9, 9, 9, 9, 9, 9, 9, 9, 9, 7, 9, 9, 9, 5, 9, 9, 9, 9, 9, 9, 9, 9, 9, 9, 9, 9, 9, 9, 9, 9, 9, 9, 9, 9, 9, 9, 9, 9, 9, 9, 7, 9, 9, 9, 9, 9, 9, 9, 9, 5, 9, 7, 9, 9, 9, 9, 9, 9, 9, 9, 9, 9, 9, 9, 9, 9, 9, 9, 9, 9, 9, 9, 9, 9, 9, 9, 9, 9, 9, 9, 5, 9, 9, 9, 9, 9, 9, 9, 9, 9, 9, 9, 9, 9, 5, 9, 9, 9]",0.23919588443594886,330.7944572676442,0.08624138807170255,0.10213110928188301,0.0,173006.396,6.136,251.416,4222.486,1.943,19043,19043,19043,1063,6.2491869918699186,5.4,0.9913538,1.9337357,0.04897202
0.0,-1.0,-0.05,8.891666666666667,120,2,20110,1067,20110,False,2350,19,c1f88_00000,c6b46d9eac1a4621a3df776a6d12b0ac,2022-05-25_19-25-50,1653499550,172.01329374313354,3378.792419910431,4898,n5.lab-ia.local,192.168.100.5,3378.792419910431,20110,19,19.96063470840454,"[0.0, 0.0, 0.0, -1.0, 0.0, 0.0, 0.0, 0.0, 0.0, 0.0, 0.0, 0.0, 0.0, 0.0, 0.0, 0.0, 0.0, 0.0, 0.0, 0.0, 0.0, 0.0, 0.0, 0.0, 0.0, 0.0, 0.0, 0.0, 0.0, 0.0, 0.0, 0.0, 0.0, 0.0, 0.0, 0.0, 0.0, 0.0, -1.0, 0.0, 0.0, 0.0, 0.0, 0.0, 0.0, 0.0, 0.0, 0.0, 0.0, 0.0, 0.0, 0.0, 0.0, 0.0, 0.0, 0.0, 0.0, 0.0, 0.0, 0.0, 0.0, 0.0, 0.0, 0.0, 0.0, -1.0, 0.0, 0.0, 0.0, 0.0, 0.0, 0.0, 0.0, 0.0, 0.0, 0.0, 0.0, 0.0, 0.0, 0.0, 0.0, 0.0, 0.0, 0.0, -1.0, 0.0, -1.0, 0.0, 0.0, 0.0, 0.0, 0.0, 0.0, 0.0, 0.0, 0.0, 0.0, 0.0, 0.0, 0.0, 0.0, -1.0, 0.0, 0.0, 0.0, 0.0, 0.0, 0.0, 0.0, 0.0, 0.0, 0.0, 0.0, 0.0, 0.0, 0.0, 0.0, 0.0, 0.0, 0.0]","[9, 9, 9, 5, 9, 9, 9, 9, 9, 9, 9, 9, 9, 9, 9, 9, 9, 9, 9, 9, 9, 9, 9, 9, 9, 9, 9, 9, 9, 9, 9, 9, 9, 9, 9, 9, 9, 9, 8, 9, 9, 9, 9, 9, 9, 9, 9, 9, 9, 9, 9, 9, 9, 9, 9, 9, 9, 9, 9, 9, 9, 9, 9, 9, 9, 7, 9, 9, 9, 9, 9, 9, 9, 9, 9, 9, 9, 9, 9, 9, 9, 9, 9, 9, 9, 9, 7, 9, 9, 9, 9, 9, 9, 9, 9, 9, 9, 9, 9, 9, 9, 5, 9, 9, 9, 9, 9, 9, 9, 9, 9, 9, 9, 9, 9, 9, 9, 9, 9, 9]",0.23820792583948933,329.9674716368473,0.08604887619963637,0.10195149629359351,0.0,172412.601,6.156,251.224,4224.518,1.933,20110,20110,20110,1067,6.238211382113821,5.4,0.99127847,1.9445393,0.03801763
0.0,-1.0,-0.12295081967213115,8.672131147540984,122,2,21168,1058,21168,False,2472,20,c1f88_00000,c6b46d9eac1a4621a3df776a6d12b0ac,2022-05-25_19-28-41,1653499721,171.20454478263855,3549.9969646930695,4898,n5.lab-ia.local,192.168.100.5,3549.9969646930695,21168,20,19.96063470840454,"[0.0, 0.0, 0.0, 0.0, 0.0, 0.0, 0.0, -1.0, 0.0, 0.0, -1.0, 0.0, -1.0, 0.0, 0.0, 0.0, 0.0, 0.0, 0.0, 0.0, -1.0, 0.0, 0.0, -1.0, 0.0, 0.0, 0.0, 0.0, -1.0, 0.0, 0.0, 0.0, 0.0, 0.0, 0.0, 0.0, 0.0, 0.0, -1.0, 0.0, 0.0, 0.0, 0.0, 0.0, 0.0, 0.0, -1.0, 0.0, 0.0, 0.0, 0.0, 0.0, 0.0, 0.0, 0.0, 0.0, 0.0, 0.0, 0.0, 0.0, 0.0, 0.0, 0.0, 0.0, 0.0, 0.0, 0.0, 0.0, 0.0, 0.0, 0.0, 0.0, 0.0, 0.0, 0.0, 0.0, 0.0, 0.0, 0.0, -1.0, -1.0, 0.0, 0.0, 0.0, 0.0, -1.0, 0.0, 0.0, 0.0, -1.0, 0.0, 0.0, -1.0, 0.0, 0.0, -1.0, 0.0, -1.0, 0.0, 0.0, 0.0, 0.0, 0.0, 0.0, 0.0, 0.0, 0.0, 0.0, 0.0, 0.0, 0.0, 0.0, 0.0, 0.0, 0.0, 0.0, 0.0, 0.0, 0.0, 0.0, 0.0, 0.0]","[9, 9, 9, 9, 9, 9, 9, 5, 9, 9, 8, 9, 7, 9, 9, 9, 9, 9, 9, 9, 7, 9, 9, 7, 9, 9, 9, 9, 7, 9, 9, 9, 9, 9, 9, 9, 9, 9, 5, 9, 9, 9, 9, 9, 9, 9, 5, 9, 9, 9, 9, 9, 9, 9, 9, 9, 9, 9, 9, 9, 9, 9, 9, 9, 9, 9, 9, 9, 9, 9, 9, 9, 9, 9, 9, 9, 9, 9, 9, 5, 8, 9, 9, 9, 9, 5, 9, 9, 9, 7, 9, 9, 5, 9, 9, 7, 9, 7, 9, 9, 9, 9, 9, 9, 9, 9, 9, 9, 9, 9, 9, 9, 9, 9, 9, 9, 9, 9, 9, 9, 9, 9]",0.23740658161483183,329.3730834673256,0.08592128433091409,0.10175762487138726,0.0,172302.252,6.158,251.22,4223.383,1.99,21168,21168,21168,1058,6.2327868852459005,5.4,1.0185908,1.9507436,0.086438075
0.0,-1.0,-0.05,8.866666666666667,120,2,22232,1064,22232,False,2592,21,c1f88_00000,c6b46d9eac1a4621a3df776a6d12b0ac,2022-05-25_19-31-34,1653499894,172.8178539276123,3722.8148186206818,4898,n5.lab-ia.local,192.168.100.5,3722.8148186206818,22232,21,19.96063470840454,"[0.0, 0.0, 0.0, 0.0, 0.0, 0.0, 0.0, 0.0, 0.0, 0.0, 0.0, 0.0, 0.0, 0.0, 0.0, -1.0, 0.0, 0.0, 0.0, 0.0, 0.0, 0.0, 0.0, 0.0, 0.0, 0.0, -1.0, 0.0, 0.0, 0.0, 0.0, 0.0, 0.0, 0.0, 0.0, 0.0, 0.0, 0.0, 0.0, 0.0, 0.0, 0.0, 0.0, 0.0, -1.0, 0.0, 0.0, 0.0, 0.0, 0.0, 0.0, 0.0, 0.0, 0.0, 0.0, 0.0, 0.0, 0.0, 0.0, 0.0, 0.0, 0.0, 0.0, 0.0, 0.0, 0.0, 0.0, 0.0, 0.0, -1.0, 0.0, 0.0, 0.0, 0.0, 0.0, 0.0, 0.0, 0.0, 0.0, 0.0, 0.0, 0.0, 0.0, 0.0, 0.0, 0.0, 0.0, 0.0, -1.0, 0.0, 0.0, 0.0, 0.0, 0.0, 0.0, 0.0, 0.0, 0.0, 0.0, 0.0, 0.0, 0.0, 0.0, 0.0, 0.0, 0.0, 0.0, 0.0, 0.0, 0.0, 0.0, 0.0, 0.0, 0.0, -1.0, 0.0, 0.0, 0.0, 0.0, 0.0]","[9, 9, 9, 9, 9, 9, 9, 9, 9, 9, 9, 9, 9, 9, 9, 7, 9, 9, 9, 9, 9, 9, 9, 9, 9, 9, 5, 9, 9, 9, 9, 9, 9, 9, 9, 9, 9, 9, 9, 9, 9, 9, 9, 9, 6, 9, 9, 9, 9, 9, 9, 9, 9, 9, 9, 9, 9, 9, 9, 9, 9, 9, 9, 9, 9, 9, 9, 9, 9, 7, 9, 9, 9, 9, 9, 9, 9, 9, 9, 9, 9, 9, 9, 9, 9, 9, 9, 9, 5, 9, 9, 9, 9, 9, 9, 9, 9, 9, 9, 9, 9, 9, 9, 9, 9, 9, 9, 9, 9, 9, 9, 9, 9, 9, 8, 9, 9, 9, 9, 9]",0.2366545795991808,328.89422956489136,0.08579719496288156,0.10169437443908942,0.0,172172.793,6.162,251.251,4222.872,1.953,22232,22232,22232,1064,6.2873983739837405,5.4,0.9914361,1.9468455,0.036026657
0.0,-1.0,-0.12396694214876033,8.743801652892563,121,2,23290,1058,23290,False,2713,22,c1f88_00000,c6b46d9eac1a4621a3df776a6d12b0ac,2022-05-25_19-34-25,1653500065,171.58757138252258,3894.4023900032043,4898,n5.lab-ia.local,192.168.100.5,3894.4023900032043,23290,22,19.96063470840454,"[0.0, 0.0, 0.0, -1.0, -1.0, 0.0, 0.0, 0.0, 0.0, 0.0, -1.0, 0.0, 0.0, 0.0, 0.0, 0.0, 0.0, 0.0, 0.0, 0.0, 0.0, -1.0, 0.0, 0.0, 0.0, 0.0, 0.0, 0.0, 0.0, 0.0, 0.0, 0.0, 0.0, 0.0, 0.0, 0.0, 0.0, 0.0, 0.0, 0.0, 0.0, 0.0, 0.0, 0.0, 0.0, -1.0, 0.0, 0.0, 0.0, 0.0, 0.0, 0.0, 0.0, 0.0, 0.0, 0.0, 0.0, 0.0, 0.0, 0.0, 0.0, 0.0, -1.0, 0.0, 0.0, -1.0, 0.0, 0.0, 0.0, 0.0, 0.0, 0.0, 0.0, 0.0, 0.0, -1.0, 0.0, 0.0, -1.0, 0.0, -1.0, -1.0, 0.0, 0.0, 0.0, -1.0, 0.0, 0.0, 0.0, -1.0, 0.0, 0.0, 0.0, 0.0, 0.0, -1.0, 0.0, 0.0, 0.0, 0.0, 0.0, 0.0, 0.0, 0.0, 0.0, 0.0, 0.0, -1.0, 0.0, 0.0, 0.0, 0.0, 0.0, 0.0, 0.0, 0.0, 0.0, 0.0, 0.0, 0.0, 0.0]","[9, 9, 9, 5, 7, 9, 9, 9, 9, 9, 5, 9, 9, 9, 9, 9, 9, 9, 9, 9, 9, 8, 9, 9, 9, 9, 9, 9, 9, 9, 9, 9, 9, 9, 9, 9, 9, 9, 9, 9, 9, 9, 9, 9, 9, 7, 9, 9, 9, 9, 9, 9, 9, 9, 9, 9, 9, 9, 9, 9, 9, 9, 6, 9, 9, 7, 9, 9, 9, 9, 9, 9, 9, 9, 9, 7, 9, 9, 7, 9, 9, 7, 9, 9, 9, 6, 9, 9, 9, 9, 9, 9, 9, 9, 9, 7, 9, 9, 9, 9, 9, 9, 9, 9, 9, 9, 9, 7, 9, 9, 9, 9, 9, 9, 9, 9, 9, 9, 9, 9, 9]",0.23610120119813297,328.47490203154274,0.0857513069116103,0.10166526272894,0.0,171995.416,6.161,250.971,4222.401,1.97,23290,23290,23290,1058,6.276734693877551,5.4,0.9968875,1.8986602,0.09511487
0.0,-1.0,-0.025,8.9,120,2,24358,1068,24358,False,2833,23,c1f88_00000,c6b46d9eac1a4621a3df776a6d12b0ac,2022-05-25_19-37-16,1653500236,170.99493384361267,4065.397323846817,4898,n5.lab-ia.local,192.168.100.5,4065.397323846817,24358,23,19.96063470840454,"[0.0, 0.0, 0.0, 0.0, 0.0, 0.0, 0.0, 0.0, 0.0, 0.0, 0.0, 0.0, 0.0, 0.0, 0.0, 0.0, 0.0, 0.0, 0.0, 0.0, 0.0, 0.0, 0.0, 0.0, -1.0, 0.0, 0.0, 0.0, 0.0, 0.0, -1.0, 0.0, 0.0, 0.0, 0.0, 0.0, 0.0, 0.0, 0.0, 0.0, 0.0, 0.0, 0.0, 0.0, 0.0, 0.0, 0.0, 0.0, 0.0, 0.0, 0.0, 0.0, 0.0, 0.0, 0.0, 0.0, 0.0, 0.0, 0.0, 0.0, 0.0, 0.0, 0.0, 0.0, 0.0, 0.0, 0.0, 0.0, 0.0, 0.0, 0.0, 0.0, 0.0, 0.0, 0.0, 0.0, 0.0, 0.0, 0.0, 0.0, 0.0, 0.0, 0.0, 0.0, 0.0, 0.0, 0.0, 0.0, 0.0, 0.0, 0.0, 0.0, 0.0, 0.0, 0.0, 0.0, 0.0, -1.0, 0.0, 0.0, 0.0, 0.0, 0.0, 0.0, 0.0, 0.0, 0.0, 0.0, 0.0, 0.0, 0.0, 0.0, 0.0, 0.0, 0.0, 0.0, 0.0, 0.0, 0.0, 0.0]","[9, 9, 9, 9, 9, 9, 9, 9, 9, 9, 9, 9, 9, 9, 9, 9, 9, 9, 9, 9, 9, 9, 9, 9, 5, 9, 9, 9, 9, 9, 5, 9, 9, 9, 9, 9, 9, 9, 9, 9, 9, 9, 9, 9, 9, 9, 9, 9, 9, 9, 9, 9, 9, 9, 9, 9, 9, 9, 9, 9, 9, 9, 9, 9, 9, 9, 9, 9, 9, 9, 9, 9, 9, 9, 9, 9, 9, 9, 9, 9, 9, 9, 9, 9, 9, 9, 9, 9, 9, 9, 9, 9, 9, 9, 9, 9, 9, 5, 9, 9, 9, 9, 9, 9, 9, 9, 9, 9, 9, 9, 9, 9, 9, 9, 9, 9, 9, 9, 9, 9]",0.23546489669405576,327.94238446104646,0.08564245745557339,0.10156205294907239,0.0,172018.911,6.164,251.167,4221.486,1.984,24358,24358,24358,1068,6.269262295081966,5.4,0.9327276,1.8511878,0.014267417
0.0,-1.0,-0.06666666666666667,8.841666666666667,120,2,25419,1061,25419,False,2953,24,c1f88_00000,c6b46d9eac1a4621a3df776a6d12b0ac,2022-05-25_19-40-05,1653500405,168.3160970211029,4233.71342086792,4898,n5.lab-ia.local,192.168.100.5,4233.71342086792,25419,24,19.96063470840454,"[0.0, 0.0, 0.0, 0.0, 0.0, 0.0, 0.0, -1.0, 0.0, 0.0, 0.0, 0.0, 0.0, 0.0, 0.0, 0.0, 0.0, 0.0, 0.0, 0.0, 0.0, 0.0, 0.0, 0.0, 0.0, 0.0, 0.0, 0.0, 0.0, 0.0, 0.0, -1.0, 0.0, 0.0, 0.0, 0.0, 0.0, 0.0, 0.0, 0.0, 0.0, 0.0, 0.0, 0.0, 0.0, 0.0, 0.0, 0.0, 0.0, 0.0, 0.0, 0.0, 0.0, 0.0, 0.0, 0.0, 0.0, 0.0, 0.0, 0.0, 0.0, 0.0, 0.0, 0.0, 0.0, 0.0, 0.0, 0.0, 0.0, 0.0, 0.0, 0.0, 0.0, -1.0, 0.0, 0.0, -1.0, 0.0, -1.0, 0.0, 0.0, 0.0, 0.0, 0.0, 0.0, 0.0, 0.0, 0.0, 0.0, 0.0, 0.0, 0.0, -1.0, 0.0, 0.0, 0.0, 0.0, 0.0, 0.0, 0.0, 0.0, 0.0, 0.0, 0.0, 0.0, 0.0, 0.0, -1.0, -1.0, 0.0, 0.0, 0.0, 0.0, 0.0, 0.0, 0.0, 0.0, 0.0, 0.0, 0.0]","[9, 9, 9, 9, 9, 9, 9, 7, 9, 9, 9, 9, 9, 9, 9, 9, 9, 9, 9, 9, 9, 9, 9, 9, 9, 9, 9, 9, 9, 9, 9, 7, 9, 9, 9, 9, 9, 9, 9, 9, 9, 9, 9, 9, 9, 9, 9, 9, 9, 9, 9, 9, 9, 9, 9, 9, 9, 9, 9, 9, 9, 9, 9, 9, 9, 9, 9, 9, 9, 9, 9, 9, 9, 8, 9, 9, 8, 9, 5, 9, 9, 9, 9, 9, 9, 9, 9, 9, 9, 9, 9, 9, 6, 9, 9, 9, 9, 9, 9, 9, 9, 9, 9, 9, 9, 9, 9, 7, 5, 9, 9, 9, 9, 9, 9, 9, 9, 9, 9, 9]",0.23503173437147148,327.29311261594717,0.08554463666899297,0.10147263584605558,0.0,171783.992,6.18,251.451,4221.899,1.98,25419,25419,25419,1061,6.269166666666666,5.400000000000001,0.9502137,1.8505661,0.049861193
0.0,-1.0,-0.09090909090909091,8.785123966942148,121,2,26482,1063,26482,False,3074,25,c1f88_00000,c6b46d9eac1a4621a3df776a6d12b0ac,2022-05-25_19-42-53,1653500573,168.0923557281494,4401.805776596069,4898,n5.lab-ia.local,192.168.100.5,4401.805776596069,26482,25,19.96063470840454,"[0.0, 0.0, 0.0, 0.0, 0.0, 0.0, 0.0, 0.0, 0.0, 0.0, 0.0, 0.0, 0.0, 0.0, 0.0, 0.0, -1.0, 0.0, 0.0, 0.0, 0.0, 0.0, 0.0, 0.0, 0.0, 0.0, 0.0, -1.0, 0.0, 0.0, 0.0, 0.0, 0.0, 0.0, 0.0, 0.0, 0.0, 0.0, 0.0, 0.0, 0.0, 0.0, 0.0, 0.0, 0.0, 0.0, 0.0, 0.0, 0.0, 0.0, 0.0, 0.0, 0.0, 0.0, 0.0, 0.0, 0.0, 0.0, 0.0, 0.0, 0.0, 0.0, 0.0, -1.0, 0.0, 0.0, 0.0, 0.0, 0.0, 0.0, -1.0, 0.0, 0.0, -1.0, 0.0, 0.0, 0.0, 0.0, 0.0, 0.0, 0.0, 0.0, 0.0, 0.0, 0.0, 0.0, 0.0, 0.0, 0.0, 0.0, 0.0, -1.0, 0.0, 0.0, 0.0, 0.0, 0.0, 0.0, 0.0, 0.0, 0.0, 0.0, 0.0, 0.0, 0.0, 0.0, -1.0, 0.0, 0.0, 0.0, 0.0, -1.0, 0.0, 0.0, 0.0, -1.0, -1.0, 0.0, -1.0, 0.0, 0.0]","[9, 9, 9, 9, 9, 9, 9, 9, 9, 9, 9, 9, 9, 9, 9, 9, 5, 9, 9, 9, 9, 9, 9, 9, 9, 9, 9, 7, 9, 9, 9, 9, 9, 9, 9, 9, 9, 9, 9, 9, 9, 9, 9, 9, 9, 9, 9, 9, 9, 9, 9, 9, 9, 9, 9, 9, 9, 9, 9, 9, 9, 9, 9, 9, 9, 9, 9, 9, 9, 9, 7, 9, 9, 7, 9, 9, 9, 9, 9, 9, 9, 9, 9, 9, 9, 9, 9, 9, 9, 9, 9, 5, 9, 9, 9, 9, 9, 9, 9, 9, 9, 9, 9, 9, 9, 9, 7, 9, 9, 9, 9, 5, 9, 9, 9, 7, 7, 9, 7, 9, 9]",0.23452535423084625,326.726307482338,0.08543259911606124,0.10144719999806279,0.0,171472.294,6.199,251.53,4226.13,1.964,26482,26482,26482,1063,6.280833333333334,5.400000000000001,1.0007176,1.9369293,0.0645061
0.0,-1.0,-0.09090909090909091,8.71900826446281,121,2,27537,1055,27537,False,3195,26,c1f88_00000,c6b46d9eac1a4621a3df776a6d12b0ac,2022-05-25_19-45-44,1653500744,171.09795689582825,4572.903733491898,4898,n5.lab-ia.local,192.168.100.5,4572.903733491898,27537,26,19.96063470840454,"[0.0, 0.0, 0.0, 0.0, 0.0, 0.0, 0.0, -1.0, -1.0, -1.0, 0.0, 0.0, 0.0, 0.0, -1.0, 0.0, 0.0, 0.0, 0.0, 0.0, 0.0, 0.0, 0.0, 0.0, 0.0, 0.0, 0.0, 0.0, 0.0, 0.0, 0.0, 0.0, 0.0, 0.0, 0.0, 0.0, 0.0, 0.0, -1.0, 0.0, -1.0, 0.0, 0.0, 0.0, 0.0, 0.0, 0.0, 0.0, 0.0, 0.0, 0.0, 0.0, 0.0, 0.0, 0.0, 0.0, 0.0, 0.0, 0.0, 0.0, 0.0, 0.0, 0.0, 0.0, 0.0, 0.0, 0.0, -1.0, 0.0, 0.0, 0.0, 0.0, 0.0, 0.0, -1.0, 0.0, 0.0, 0.0, -1.0, 0.0, 0.0, 0.0, 0.0, 0.0, 0.0, 0.0, 0.0, 0.0, 0.0, 0.0, 0.0, 0.0, 0.0, 0.0, 0.0, 0.0, 0.0, 0.0, 0.0, 0.0, 0.0, 0.0, 0.0, 0.0, 0.0, 0.0, 0.0, 0.0, 0.0, 0.0, 0.0, 0.0, 0.0, 0.0, 0.0, 0.0, 0.0, -1.0, 0.0, -1.0, 0.0]","[9, 9, 9, 9, 9, 9, 9, 5, 7, 7, 9, 9, 9, 9, 7, 9, 9, 9, 9, 9, 9, 9, 9, 9, 9, 9, 9, 9, 9, 9, 9, 9, 9, 9, 9, 9, 9, 9, 6, 9, 5, 9, 9, 9, 9, 9, 9, 9, 9, 9, 9, 9, 9, 9, 9, 9, 9, 9, 9, 9, 9, 9, 9, 9, 9, 9, 9, 7, 9, 9, 9, 9, 9, 9, 5, 9, 9, 9, 5, 9, 9, 9, 9, 9, 9, 9, 9, 9, 9, 9, 9, 9, 9, 9, 9, 9, 9, 9, 9, 9, 9, 9, 9, 9, 9, 9, 9, 9, 9, 9, 9, 9, 9, 9, 9, 9, 9, 5, 9, 6, 9]",0.2342145052542411,326.36598967176735,0.0853403496823947,0.10138893380461012,0.0,171078.701,6.207,251.195,4226.996,1.696,27537,27537,27537,1055,6.261065573770491,5.4,0.98178923,1.903356,0.06022248
0.0,-1.0,-0.09917355371900827,8.727272727272727,121,2,28593,1056,28593,False,3316,27,c1f88_00000,c6b46d9eac1a4621a3df776a6d12b0ac,2022-05-25_19-48-33,1653500913,169.39184498786926,4742.295578479767,4898,n5.lab-ia.local,192.168.100.5,4742.295578479767,28593,27,19.96063470840454,"[0.0, 0.0, 0.0, 0.0, 0.0, 0.0, 0.0, 0.0, 0.0, -1.0, 0.0, 0.0, 0.0, 0.0, 0.0, 0.0, 0.0, 0.0, 0.0, 0.0, 0.0, 0.0, 0.0, 0.0, 0.0, 0.0, 0.0, 0.0, 0.0, 0.0, 0.0, 0.0, 0.0, 0.0, -1.0, 0.0, 0.0, 0.0, 0.0, -1.0, 0.0, 0.0, 0.0, 0.0, 0.0, 0.0, 0.0, 0.0, 0.0, 0.0, 0.0, 0.0, 0.0, 0.0, 0.0, 0.0, 0.0, 0.0, 0.0, 0.0, 0.0, 0.0, 0.0, 0.0, 0.0, 0.0, 0.0, -1.0, 0.0, 0.0, -1.0, 0.0, 0.0, -1.0, 0.0, 0.0, 0.0, 0.0, 0.0, 0.0, 0.0, 0.0, 0.0, 0.0, 0.0, 0.0, 0.0, 0.0, 0.0, 0.0, 0.0, 0.0, 0.0, -1.0, 0.0, 0.0, 0.0, -1.0, 0.0, 0.0, 0.0, 0.0, 0.0, 0.0, 0.0, -1.0, 0.0, 0.0, 0.0, 0.0, 0.0, 0.0, -1.0, -1.0, 0.0, 0.0, 0.0, 0.0, -1.0, 0.0, 0.0]","[9, 9, 9, 9, 9, 9, 9, 9, 9, 5, 9, 9, 9, 9, 9, 9, 9, 9, 9, 9, 9, 9, 9, 9, 9, 9, 9, 9, 9, 9, 9, 9, 9, 9, 5, 9, 9, 9, 9, 7, 9, 9, 9, 9, 9, 9, 9, 9, 9, 9, 9, 9, 9, 9, 9, 9, 9, 9, 9, 9, 9, 9, 9, 9, 9, 9, 9, 7, 9, 9, 5, 9, 9, 5, 9, 9, 9, 9, 9, 9, 9, 9, 9, 9, 9, 9, 9, 9, 9, 9, 9, 9, 9, 7, 9, 9, 9, 7, 9, 9, 9, 9, 9, 9, 9, 7, 9, 9, 9, 9, 9, 9, 7, 7, 9, 9, 9, 9, 6, 9, 9]",0.23374585624171088,326.03075585194455,0.08528419809616802,0.10140561725484692,0.0,170808.821,6.213,251.025,4227.868,1.653,28593,28593,28593,1056,6.253719008264462,5.4,1.0242528,1.9810181,0.06748749
0.0,-1.0,-0.11475409836065574,8.729508196721312,122,2,29658,1065,29658,False,3438,28,c1f88_00000,c6b46d9eac1a4621a3df776a6d12b0ac,2022-05-25_19-51-30,1653501090,176.6056399345398,4918.901218414307,4898,n5.lab-ia.local,192.168.100.5,4918.901218414307,29658,28,19.96063470840454,"[0.0, 0.0, -1.0, -1.0, 0.0, 0.0, 0.0, -1.0, 0.0, 0.0, -1.0, -1.0, 0.0, 0.0, 0.0, 0.0, 0.0, 0.0, 0.0, 0.0, 0.0, 0.0, 0.0, 0.0, -1.0, -1.0, 0.0, 0.0, -1.0, 0.0, 0.0, 0.0, 0.0, 0.0, 0.0, 0.0, -1.0, 0.0, 0.0, 0.0, 0.0, 0.0, 0.0, 0.0, 0.0, 0.0, 0.0, 0.0, 0.0, 0.0, 0.0, 0.0, 0.0, 0.0, 0.0, -1.0, 0.0, 0.0, 0.0, 0.0, 0.0, 0.0, 0.0, 0.0, 0.0, 0.0, 0.0, 0.0, 0.0, -1.0, 0.0, 0.0, 0.0, 0.0, 0.0, 0.0, 0.0, 0.0, -1.0, 0.0, 0.0, 0.0, 0.0, 0.0, 0.0, 0.0, 0.0, 0.0, 0.0, 0.0, 0.0, 0.0, 0.0, 0.0, 0.0, 0.0, 0.0, 0.0, 0.0, 0.0, 0.0, 0.0, 0.0, 0.0, 0.0, 0.0, 0.0, 0.0, 0.0, 0.0, 0.0, 0.0, 0.0, 0.0, 0.0, -1.0, -1.0, 0.0, 0.0, 0.0, 0.0, 0.0]","[9, 9, 6, 7, 9, 9, 9, 8, 9, 9, 7, 7, 9, 9, 9, 9, 9, 9, 9, 9, 9, 9, 9, 9, 5, 7, 9, 9, 7, 9, 9, 9, 9, 9, 9, 9, 8, 9, 9, 9, 9, 9, 9, 9, 9, 9, 9, 9, 9, 9, 9, 9, 9, 9, 9, 5, 9, 9, 9, 9, 9, 9, 9, 9, 9, 9, 9, 9, 9, 6, 9, 9, 9, 9, 9, 9, 9, 9, 7, 9, 9, 9, 9, 9, 9, 9, 9, 9, 9, 9, 9, 9, 9, 9, 9, 9, 9, 9, 9, 9, 9, 9, 9, 9, 9, 9, 9, 9, 9, 9, 9, 9, 9, 9, 9, 6, 7, 9, 9, 9, 9, 9]",0.24437710400505194,325.931382645237,0.08526846052910739,0.10138540779854635,0.0,171237.997,6.199,251.142,4226.692,1.655,29658,29658,29658,1065,6.259523809523809,5.3999999999999995,1.0638508,2.0408406,0.08686077
0.0,-1.0,-0.15447154471544716,8.626016260162602,123,2,30719,1061,30719,False,3561,29,c1f88_00000,c6b46d9eac1a4621a3df776a6d12b0ac,2022-05-25_19-54-25,1653501265,175.02619647979736,5093.927414894104,4898,n5.lab-ia.local,192.168.100.5,5093.927414894104,30719,29,19.96063470840454,"[0.0, 0.0, 0.0, -1.0, 0.0, 0.0, 0.0, 0.0, 0.0, -1.0, 0.0, 0.0, 0.0, -1.0, 0.0, -1.0, 0.0, 0.0, 0.0, 0.0, -1.0, -1.0, 0.0, 0.0, 0.0, 0.0, 0.0, 0.0, 0.0, 0.0, 0.0, 0.0, 0.0, 0.0, 0.0, 0.0, 0.0, 0.0, 0.0, 0.0, 0.0, 0.0, 0.0, 0.0, 0.0, 0.0, 0.0, 0.0, 0.0, 0.0, 0.0, 0.0, 0.0, -1.0, 0.0, 0.0, -1.0, 0.0, 0.0, 0.0, 0.0, -1.0, 0.0, 0.0, 0.0, 0.0, 0.0, 0.0, 0.0, -1.0, 0.0, 0.0, 0.0, 0.0, -1.0, 0.0, 0.0, 0.0, 0.0, 0.0, 0.0, 0.0, 0.0, -1.0, -1.0, 0.0, 0.0, 0.0, 0.0, 0.0, -1.0, 0.0, 0.0, 0.0, 0.0, 0.0, 0.0, -1.0, 0.0, -1.0, 0.0, 0.0, 0.0, 0.0, -1.0, 0.0, -1.0, 0.0, 0.0, 0.0, 0.0, 0.0, 0.0, 0.0, 0.0, 0.0, 0.0, 0.0, 0.0, -1.0, 0.0, 0.0, 0.0]","[9, 9, 9, 7, 9, 9, 9, 9, 9, 5, 9, 9, 9, 7, 9, 8, 9, 9, 9, 9, 5, 7, 9, 9, 9, 9, 9, 9, 9, 9, 9, 9, 9, 9, 9, 9, 9, 9, 9, 9, 9, 9, 9, 9, 9, 9, 9, 9, 9, 9, 9, 9, 9, 5, 9, 9, 7, 9, 9, 9, 9, 7, 9, 9, 9, 9, 9, 9, 9, 7, 9, 9, 9, 9, 9, 9, 9, 9, 9, 9, 9, 9, 9, 5, 7, 9, 9, 9, 9, 9, 7, 9, 9, 9, 9, 9, 9, 7, 9, 5, 9, 9, 9, 9, 7, 9, 5, 9, 9, 9, 9, 9, 9, 9, 9, 9, 9, 9, 9, 8, 9, 9, 9]",0.24412349189141982,326.0001766627158,0.08521475344135906,0.10139585410434589,0.0,171539.642,6.185,251.05,4225.856,1.88,30719,30719,30719,1061,6.266400000000001,5.4,1.0398285,1.9689533,0.11070389
0.0,-1.0,-0.06666666666666667,8.858333333333333,120,2,31782,1063,31782,False,3681,30,c1f88_00000,c6b46d9eac1a4621a3df776a6d12b0ac,2022-05-25_19-57-19,1653501439,174.21718406677246,5268.1445989608765,4898,n5.lab-ia.local,192.168.100.5,5268.1445989608765,31782,30,19.96063470840454,"[0.0, -1.0, 0.0, 0.0, 0.0, 0.0, 0.0, 0.0, 0.0, 0.0, 0.0, 0.0, 0.0, 0.0, 0.0, -1.0, 0.0, 0.0, 0.0, 0.0, 0.0, 0.0, 0.0, 0.0, 0.0, 0.0, 0.0, 0.0, 0.0, 0.0, 0.0, 0.0, 0.0, 0.0, 0.0, 0.0, 0.0, 0.0, 0.0, 0.0, 0.0, 0.0, -1.0, 0.0, 0.0, 0.0, 0.0, 0.0, 0.0, 0.0, 0.0, 0.0, 0.0, 0.0, 0.0, 0.0, 0.0, 0.0, 0.0, 0.0, 0.0, 0.0, 0.0, 0.0, -1.0, 0.0, 0.0, 0.0, 0.0, 0.0, 0.0, 0.0, 0.0, 0.0, 0.0, 0.0, 0.0, 0.0, 0.0, -1.0, 0.0, 0.0, 0.0, 0.0, -1.0, 0.0, -1.0, 0.0, 0.0, 0.0, 0.0, 0.0, 0.0, 0.0, 0.0, 0.0, 0.0, 0.0, 0.0, 0.0, 0.0, 0.0, 0.0, 0.0, 0.0, 0.0, 0.0, 0.0, 0.0, 0.0, 0.0, 0.0, 0.0, 0.0, 0.0, 0.0, 0.0, -1.0, 0.0, 0.0]","[9, 7, 9, 9, 9, 9, 9, 9, 9, 9, 9, 9, 9, 9, 9, 7, 9, 9, 9, 9, 9, 9, 9, 9, 9, 9, 9, 9, 9, 9, 9, 9, 9, 9, 9, 9, 9, 9, 9, 9, 9, 9, 7, 9, 9, 9, 9, 9, 9, 9, 9, 9, 9, 9, 9, 9, 9, 9, 9, 9, 9, 9, 9, 9, 7, 9, 9, 9, 9, 9, 9, 9, 9, 9, 9, 9, 9, 9, 9, 7, 9, 9, 9, 9, 5, 9, 8, 9, 9, 9, 9, 9, 9, 9, 9, 9, 9, 9, 9, 9, 9, 9, 9, 9, 9, 9, 9, 9, 9, 9, 9, 9, 9, 9, 9, 9, 9, 7, 9, 9]",0.24334435845870087,325.86327784204406,0.08514238140829829,0.101344720435682,0.0,171840.807,6.177,251.352,4222.767,1.887,31782,31782,31782,1063,6.278629032258064,5.400000000000001,1.0050886,1.9592844,0.0508926
0.0,-1.0,-0.05785123966942149,8.834710743801653,121,2,32851,1069,32851,False,3802,31,c1f88_00000,c6b46d9eac1a4621a3df776a6d12b0ac,2022-05-25_20-00-11,1653501611,171.34967350959778,5439.494272470474,4898,n5.lab-ia.local,192.168.100.5,5439.494272470474,32851,31,19.96063470840454,"[0.0, 0.0, 0.0, 0.0, 0.0, 0.0, 0.0, 0.0, 0.0, 0.0, 0.0, 0.0, 0.0, 0.0, 0.0, 0.0, 0.0, 0.0, 0.0, 0.0, 0.0, 0.0, 0.0, 0.0, 0.0, 0.0, 0.0, 0.0, 0.0, 0.0, 0.0, 0.0, 0.0, 0.0, 0.0, 0.0, 0.0, 0.0, -1.0, 0.0, -1.0, 0.0, 0.0, 0.0, 0.0, 0.0, 0.0, 0.0, 0.0, 0.0, 0.0, 0.0, 0.0, 0.0, 0.0, 0.0, 0.0, 0.0, 0.0, 0.0, 0.0, 0.0, 0.0, 0.0, 0.0, 0.0, 0.0, 0.0, 0.0, 0.0, 0.0, 0.0, 0.0, -1.0, 0.0, 0.0, 0.0, 0.0, 0.0, 0.0, 0.0, 0.0, 0.0, -1.0, 0.0, -1.0, 0.0, 0.0, 0.0, 0.0, 0.0, -1.0, 0.0, 0.0, 0.0, 0.0, 0.0, 0.0, 0.0, 0.0, 0.0, 0.0, 0.0, 0.0, 0.0, 0.0, 0.0, 0.0, -1.0, 0.0, 0.0, 0.0, 0.0, 0.0, 0.0, 0.0, 0.0, 0.0, 0.0, 0.0, 0.0]","[9, 9, 9, 9, 9, 9, 9, 9, 9, 9, 9, 9, 9, 9, 9, 9, 9, 9, 9, 9, 9, 9, 9, 9, 9, 9, 9, 9, 9, 9, 9, 9, 9, 9, 9, 9, 9, 9, 7, 9, 7, 9, 9, 9, 9, 9, 9, 9, 9, 9, 9, 9, 9, 9, 9, 9, 9, 9, 9, 9, 9, 9, 9, 9, 9, 9, 9, 9, 9, 9, 9, 9, 9, 5, 9, 9, 9, 9, 9, 9, 9, 9, 9, 5, 9, 5, 9, 9, 9, 9, 9, 7, 9, 9, 9, 9, 9, 9, 9, 9, 9, 9, 9, 9, 9, 9, 9, 9, 7, 9, 9, 9, 9, 9, 9, 9, 9, 9, 9, 9, 9]",0.24271087238673275,325.59258915862415,0.0850864134415638,0.10127198632176507,0.0,171694.281,6.185,251.565,4221.171,1.905,32851,32851,32851,1069,6.286938775510204,5.4,0.9620829,1.8855662,0.03859942
0.0,-1.0,-0.0743801652892562,8.793388429752065,121,2,33915,1064,33915,False,3923,32,c1f88_00000,c6b46d9eac1a4621a3df776a6d12b0ac,2022-05-25_20-03-01,1653501781,170.39767360687256,5609.891946077347,4898,n5.lab-ia.local,192.168.100.5,5609.891946077347,33915,32,19.96063470840454,"[-1.0, 0.0, 0.0, 0.0, 0.0, 0.0, 0.0, 0.0, 0.0, 0.0, 0.0, 0.0, 0.0, 0.0, 0.0, 0.0, 0.0, 0.0, 0.0, 0.0, 0.0, 0.0, 0.0, 0.0, 0.0, 0.0, 0.0, 0.0, 0.0, 0.0, 0.0, -1.0, 0.0, 0.0, 0.0, 0.0, -1.0, 0.0, -1.0, 0.0, 0.0, 0.0, 0.0, 0.0, 0.0, 0.0, 0.0, 0.0, 0.0, -1.0, 0.0, 0.0, 0.0, -1.0, 0.0, 0.0, 0.0, 0.0, 0.0, 0.0, 0.0, -1.0, 0.0, 0.0, -1.0, 0.0, 0.0, 0.0, 0.0, 0.0, 0.0, 0.0, 0.0, 0.0, 0.0, 0.0, 0.0, 0.0, 0.0, 0.0, 0.0, 0.0, 0.0, 0.0, 0.0, 0.0, 0.0, 0.0, 0.0, 0.0, 0.0, 0.0, 0.0, 0.0, 0.0, 0.0, 0.0, 0.0, 0.0, 0.0, 0.0, 0.0, 0.0, 0.0, 0.0, 0.0, -1.0, 0.0, 0.0, 0.0, 0.0, 0.0, 0.0, 0.0, 0.0, 0.0, 0.0, 0.0, 0.0, 0.0, 0.0]","[7, 9, 9, 9, 9, 9, 9, 9, 9, 9, 9, 9, 9, 9, 9, 9, 9, 9, 9, 9, 9, 9, 9, 9, 9, 9, 9, 9, 9, 9, 9, 7, 9, 9, 9, 9, 8, 9, 7, 9, 9, 9, 9, 9, 9, 9, 9, 9, 9, 5, 9, 9, 9, 7, 9, 9, 9, 9, 9, 9, 9, 5, 9, 9, 5, 9, 9, 9, 9, 9, 9, 9, 9, 9, 9, 9, 9, 9, 9, 9, 9, 9, 9, 9, 9, 9, 9, 9, 9, 9, 9, 9, 9, 9, 9, 9, 9, 9, 9, 9, 9, 9, 9, 9, 9, 9, 5, 9, 9, 9, 9, 9, 9, 9, 9, 9, 9, 9, 9, 9, 9]",0.24199945648182022,325.20719855120007,0.08500351813300651,0.10125777147187638,0.0,171574.878,6.193,251.864,4218.553,1.929,33915,33915,33915,1064,6.231687242798353,5.400000000000001,0.9598423,1.868529,0.05115568
0.0,-1.0,-0.025,8.941666666666666,120,2,34988,1073,34988,False,4043,33,c1f88_00000,c6b46d9eac1a4621a3df776a6d12b0ac,2022-05-25_20-05-52,1653501952,170.5026593208313,5780.394605398178,4898,n5.lab-ia.local,192.168.100.5,5780.394605398178,34988,33,19.96063470840454,"[0.0, 0.0, 0.0, 0.0, 0.0, 0.0, 0.0, 0.0, 0.0, 0.0, 0.0, 0.0, 0.0, 0.0, 0.0, 0.0, 0.0, 0.0, 0.0, 0.0, 0.0, 0.0, 0.0, 0.0, 0.0, -1.0, 0.0, 0.0, 0.0, 0.0, 0.0, 0.0, 0.0, 0.0, 0.0, 0.0, 0.0, 0.0, 0.0, -1.0, 0.0, 0.0, 0.0, 0.0, 0.0, 0.0, 0.0, 0.0, 0.0, 0.0, 0.0, 0.0, 0.0, 0.0, 0.0, 0.0, 0.0, 0.0, 0.0, 0.0, 0.0, 0.0, 0.0, 0.0, 0.0, 0.0, 0.0, 0.0, 0.0, 0.0, 0.0, 0.0, 0.0, 0.0, 0.0, 0.0, 0.0, 0.0, 0.0, -1.0, 0.0, 0.0, 0.0, 0.0, 0.0, 0.0, 0.0, 0.0, 0.0, 0.0, 0.0, 0.0, 0.0, 0.0, 0.0, 0.0, 0.0, 0.0, 0.0, 0.0, 0.0, 0.0, 0.0, 0.0, 0.0, 0.0, 0.0, 0.0, 0.0, 0.0, 0.0, 0.0, 0.0, 0.0, 0.0, 0.0, 0.0, 0.0, 0.0, 0.0]","[9, 9, 9, 9, 9, 9, 9, 9, 9, 9, 9, 9, 9, 9, 9, 9, 9, 9, 9, 9, 9, 9, 9, 9, 9, 8, 9, 9, 9, 9, 9, 9, 9, 9, 9, 9, 9, 9, 9, 7, 9, 9, 9, 9, 9, 9, 9, 9, 9, 9, 9, 9, 9, 9, 9, 9, 9, 9, 9, 9, 9, 9, 9, 9, 9, 9, 9, 9, 9, 9, 9, 9, 9, 9, 9, 9, 9, 9, 9, 5, 9, 9, 9, 9, 9, 9, 9, 9, 9, 9, 9, 9, 9, 9, 9, 9, 9, 9, 9, 9, 9, 9, 9, 9, 9, 9, 9, 9, 9, 9, 9, 9, 9, 9, 9, 9, 9, 9, 9, 9]",0.24138355264988542,324.7106598584832,0.08490553226794072,0.10117607220138385,0.0,171526.032,6.197,251.856,4220.659,1.916,34988,34988,34988,1073,6.214814814814815,5.400000000000001,0.9107587,1.8027023,0.018814975
0.0,-1.0,-0.03333333333333333,8.9,120,2,36056,1068,36056,False,4163,34,c1f88_00000,c6b46d9eac1a4621a3df776a6d12b0ac,2022-05-25_20-08-39,1653502119,167.26221799850464,5947.656823396683,4898,n5.lab-ia.local,192.168.100.5,5947.656823396683,36056,34,19.96063470840454,"[0.0, 0.0, 0.0, 0.0, 0.0, 0.0, 0.0, 0.0, 0.0, 0.0, 0.0, 0.0, 0.0, 0.0, 0.0, 0.0, 0.0, 0.0, 0.0, 0.0, 0.0, 0.0, -1.0, 0.0, 0.0, -1.0, 0.0, 0.0, 0.0, 0.0, 0.0, 0.0, 0.0, 0.0, 0.0, 0.0, 0.0, 0.0, 0.0, 0.0, 0.0, 0.0, 0.0, 0.0, 0.0, 0.0, 0.0, 0.0, 0.0, 0.0, 0.0, 0.0, 0.0, 0.0, 0.0, 0.0, 0.0, 0.0, 0.0, 0.0, 0.0, 0.0, 0.0, 0.0, 0.0, -1.0, 0.0, 0.0, 0.0, 0.0, 0.0, 0.0, 0.0, 0.0, 0.0, 0.0, 0.0, 0.0, 0.0, 0.0, 0.0, 0.0, 0.0, 0.0, 0.0, 0.0, 0.0, 0.0, 0.0, 0.0, 0.0, 0.0, 0.0, 0.0, 0.0, 0.0, 0.0, 0.0, 0.0, 0.0, 0.0, 0.0, 0.0, 0.0, 0.0, 0.0, 0.0, 0.0, 0.0, 0.0, 0.0, -1.0, 0.0, 0.0, 0.0, 0.0, 0.0, 0.0, 0.0, 0.0]","[9, 9, 9, 9, 9, 9, 9, 9, 9, 9, 9, 9, 9, 9, 9, 9, 9, 9, 9, 9, 9, 9, 5, 9, 9, 7, 9, 9, 9, 9, 9, 9, 9, 9, 9, 9, 9, 9, 9, 9, 9, 9, 9, 9, 9, 9, 9, 9, 9, 9, 9, 9, 9, 9, 9, 9, 9, 9, 9, 9, 9, 9, 9, 9, 9, 7, 9, 9, 9, 9, 9, 9, 9, 9, 9, 9, 9, 9, 9, 9, 9, 9, 9, 9, 9, 9, 9, 9, 9, 9, 9, 9, 9, 9, 9, 9, 9, 9, 9, 9, 9, 9, 9, 9, 9, 9, 9, 9, 9, 9, 9, 5, 9, 9, 9, 9, 9, 9, 9, 9]",0.24077101646197108,324.27392834191585,0.08484874076949739,0.10113987019349086,0.0,171420.157,6.205,252.373,4214.79,1.929,36056,36056,36056,1068,6.29205020920502,5.3999999999999995,0.91829693,1.8145711,0.022022925
0.0,-1.0,-0.041666666666666664,8.9,120,2,37124,1068,37124,False,4283,35,c1f88_00000,c6b46d9eac1a4621a3df776a6d12b0ac,2022-05-25_20-11-28,1653502288,168.54842042922974,6116.2052438259125,4898,n5.lab-ia.local,192.168.100.5,6116.2052438259125,37124,35,19.96063470840454,"[0.0, 0.0, 0.0, 0.0, -1.0, -1.0, 0.0, 0.0, 0.0, 0.0, -1.0, 0.0, 0.0, 0.0, 0.0, 0.0, 0.0, 0.0, 0.0, 0.0, 0.0, 0.0, 0.0, 0.0, 0.0, 0.0, 0.0, 0.0, 0.0, 0.0, 0.0, 0.0, 0.0, 0.0, 0.0, 0.0, 0.0, 0.0, 0.0, 0.0, 0.0, 0.0, 0.0, 0.0, 0.0, 0.0, 0.0, 0.0, 0.0, 0.0, 0.0, 0.0, 0.0, 0.0, 0.0, 0.0, 0.0, 0.0, 0.0, 0.0, 0.0, 0.0, 0.0, 0.0, 0.0, 0.0, 0.0, 0.0, 0.0, 0.0, 0.0, 0.0, 0.0, 0.0, 0.0, 0.0, 0.0, 0.0, 0.0, 0.0, 0.0, 0.0, 0.0, 0.0, 0.0, 0.0, 0.0, 0.0, 0.0, 0.0, 0.0, 0.0, 0.0, 0.0, 0.0, 0.0, 0.0, 0.0, 0.0, 0.0, 0.0, 0.0, -1.0, 0.0, 0.0, 0.0, 0.0, 0.0, 0.0, 0.0, 0.0, 0.0, 0.0, 0.0, -1.0, 0.0, 0.0, 0.0, 0.0, 0.0]","[9, 9, 9, 9, 6, 7, 9, 9, 9, 9, 8, 9, 9, 9, 9, 9, 9, 9, 9, 9, 9, 9, 9, 9, 9, 9, 9, 9, 9, 9, 9, 9, 9, 9, 9, 9, 9, 9, 9, 9, 9, 9, 9, 9, 9, 9, 9, 9, 9, 9, 9, 9, 9, 9, 9, 9, 9, 9, 9, 9, 9, 9, 9, 9, 9, 9, 9, 9, 9, 9, 9, 9, 9, 9, 9, 9, 9, 9, 9, 9, 9, 9, 9, 9, 9, 9, 9, 9, 9, 9, 9, 9, 9, 9, 9, 9, 9, 9, 9, 9, 9, 9, 5, 9, 9, 9, 9, 9, 9, 9, 9, 9, 9, 9, 7, 9, 9, 9, 9, 9]",0.2403359660851689,323.86414195917206,0.08494166445422692,0.1012059671827697,0.0,171466.319,6.206,252.466,4215.221,2.035,37124,37124,37124,1068,6.766666666666667,5.450416666666668,0.9432147,1.8555807,0.030849187
0.0,-1.0,-0.05,8.883333333333333,120,2,38190,1066,38190,False,4403,36,c1f88_00000,c6b46d9eac1a4621a3df776a6d12b0ac,2022-05-25_20-14-16,1653502456,168.1220805644989,6284.327324390411,4898,n5.lab-ia.local,192.168.100.5,6284.327324390411,38190,36,19.96063470840454,"[0.0, 0.0, 0.0, 0.0, 0.0, 0.0, 0.0, 0.0, 0.0, 0.0, 0.0, 0.0, 0.0, 0.0, 0.0, 0.0, 0.0, 0.0, 0.0, 0.0, 0.0, 0.0, 0.0, 0.0, 0.0, 0.0, 0.0, 0.0, 0.0, 0.0, 0.0, -1.0, 0.0, 0.0, 0.0, 0.0, 0.0, 0.0, 0.0, 0.0, 0.0, 0.0, 0.0, 0.0, -1.0, 0.0, 0.0, 0.0, 0.0, 0.0, 0.0, 0.0, 0.0, 0.0, 0.0, 0.0, 0.0, 0.0, 0.0, 0.0, 0.0, 0.0, 0.0, -1.0, 0.0, 0.0, 0.0, 0.0, 0.0, 0.0, 0.0, 0.0, 0.0, 0.0, 0.0, 0.0, 0.0, 0.0, 0.0, 0.0, 0.0, 0.0, 0.0, 0.0, -1.0, 0.0, 0.0, 0.0, 0.0, 0.0, 0.0, 0.0, 0.0, 0.0, 0.0, 0.0, 0.0, 0.0, -1.0, 0.0, 0.0, 0.0, 0.0, 0.0, 0.0, 0.0, 0.0, 0.0, 0.0, 0.0, 0.0, -1.0, 0.0, 0.0, 0.0, 0.0, 0.0, 0.0, 0.0, 0.0]","[9, 9, 9, 9, 9, 9, 9, 9, 9, 9, 9, 9, 9, 9, 9, 9, 9, 9, 9, 9, 9, 9, 9, 9, 9, 9, 9, 9, 9, 9, 9, 5, 9, 9, 9, 9, 9, 9, 9, 9, 9, 9, 9, 9, 7, 9, 9, 9, 9, 9, 9, 9, 9, 9, 9, 9, 9, 9, 9, 9, 9, 9, 9, 7, 9, 9, 9, 9, 9, 9, 9, 9, 9, 9, 9, 9, 9, 9, 9, 9, 9, 9, 9, 9, 7, 9, 9, 9, 9, 9, 9, 9, 9, 9, 9, 9, 9, 9, 7, 9, 9, 9, 9, 9, 9, 9, 9, 9, 9, 9, 9, 7, 9, 9, 9, 9, 9, 9, 9, 9]",0.23991024955601706,323.5463757689612,0.0849454352749812,0.10124725672372513,0.0,171168.808,6.224,252.571,4217.83,2.061,38190,38190,38190,1066,6.298333333333333,5.400000000000001,0.93724155,1.8382148,0.036268413
0.0,-1.0,-0.058333333333333334,8.866666666666667,120,2,39254,1064,39254,False,4523,37,c1f88_00000,c6b46d9eac1a4621a3df776a6d12b0ac,2022-05-25_20-17-05,1653502625,169.59766936302185,6453.924993753433,4898,n5.lab-ia.local,192.168.100.5,6453.924993753433,39254,37,19.96063470840454,"[0.0, 0.0, 0.0, 0.0, 0.0, 0.0, 0.0, 0.0, 0.0, 0.0, 0.0, 0.0, 0.0, -1.0, 0.0, 0.0, 0.0, -1.0, 0.0, 0.0, 0.0, 0.0, 0.0, 0.0, -1.0, 0.0, 0.0, 0.0, 0.0, 0.0, 0.0, 0.0, 0.0, 0.0, 0.0, 0.0, 0.0, 0.0, 0.0, 0.0, 0.0, 0.0, 0.0, 0.0, 0.0, 0.0, 0.0, 0.0, 0.0, 0.0, -1.0, 0.0, 0.0, 0.0, 0.0, 0.0, 0.0, 0.0, 0.0, 0.0, -1.0, 0.0, 0.0, 0.0, 0.0, 0.0, 0.0, 0.0, 0.0, 0.0, 0.0, 0.0, 0.0, 0.0, 0.0, 0.0, 0.0, 0.0, 0.0, 0.0, 0.0, 0.0, 0.0, 0.0, 0.0, 0.0, 0.0, 0.0, 0.0, 0.0, 0.0, 0.0, 0.0, 0.0, 0.0, 0.0, 0.0, 0.0, 0.0, 0.0, 0.0, 0.0, 0.0, -1.0, 0.0, 0.0, 0.0, 0.0, 0.0, 0.0, -1.0, 0.0, 0.0, 0.0, 0.0, 0.0, 0.0, 0.0, 0.0, 0.0]","[9, 9, 9, 9, 9, 9, 9, 9, 9, 9, 9, 9, 9, 7, 9, 9, 9, 7, 9, 9, 9, 9, 9, 9, 7, 9, 9, 9, 9, 9, 9, 9, 9, 9, 9, 9, 9, 9, 9, 9, 9, 9, 9, 9, 9, 9, 9, 9, 9, 9, 7, 9, 9, 9, 9, 9, 9, 9, 9, 9, 7, 9, 9, 9, 9, 9, 9, 9, 9, 9, 9, 9, 9, 9, 9, 9, 9, 9, 9, 9, 9, 9, 9, 9, 9, 9, 9, 9, 9, 9, 9, 9, 9, 9, 9, 9, 9, 9, 9, 9, 9, 9, 9, 5, 9, 9, 9, 9, 9, 9, 7, 9, 9, 9, 9, 9, 9, 9, 9, 9]",0.2395079973484711,323.281490173644,0.08487850597647091,0.10119932755030424,0.0,171189.191,6.228,252.724,4218.433,2.128,39254,39254,39254,1064,6.261157024793388,5.4,0.96011317,1.878042,0.042184528
0.0,-1.0,-0.06666666666666667,8.858333333333333,120,2,40317,1063,40317,False,4643,38,c1f88_00000,c6b46d9eac1a4621a3df776a6d12b0ac,2022-05-25_20-19-54,1653502794,168.77919125556946,6622.704185009003,4898,n5.lab-ia.local,192.168.100.5,6622.704185009003,40317,38,19.96063470840454,"[0.0, 0.0, 0.0, 0.0, 0.0, 0.0, 0.0, 0.0, 0.0, 0.0, 0.0, 0.0, 0.0, 0.0, 0.0, 0.0, 0.0, 0.0, 0.0, 0.0, 0.0, 0.0, 0.0, 0.0, -1.0, 0.0, 0.0, -1.0, 0.0, 0.0, 0.0, -1.0, 0.0, 0.0, 0.0, 0.0, 0.0, 0.0, 0.0, 0.0, 0.0, 0.0, 0.0, 0.0, 0.0, 0.0, 0.0, -1.0, 0.0, 0.0, 0.0, 0.0, 0.0, 0.0, 0.0, 0.0, 0.0, 0.0, 0.0, 0.0, 0.0, 0.0, 0.0, 0.0, 0.0, 0.0, 0.0, 0.0, 0.0, 0.0, 0.0, 0.0, -1.0, 0.0, -1.0, 0.0, 0.0, 0.0, -1.0, 0.0, 0.0, -1.0, 0.0, 0.0, 0.0, 0.0, 0.0, 0.0, 0.0, 0.0, 0.0, 0.0, 0.0, 0.0, 0.0, 0.0, 0.0, 0.0, 0.0, 0.0, 0.0, 0.0, 0.0, 0.0, 0.0, 0.0, 0.0, 0.0, 0.0, 0.0, 0.0, 0.0, 0.0, 0.0, 0.0, 0.0, 0.0, 0.0, 0.0, 0.0]","[9, 9, 9, 9, 9, 9, 9, 9, 9, 9, 9, 9, 9, 9, 9, 9, 9, 9, 9, 9, 9, 9, 9, 9, 8, 9, 9, 7, 9, 9, 9, 5, 9, 9, 9, 9, 9, 9, 9, 9, 9, 9, 9, 9, 9, 9, 9, 7, 9, 9, 9, 9, 9, 9, 9, 9, 9, 9, 9, 9, 9, 9, 9, 9, 9, 9, 9, 9, 9, 9, 9, 9, 7, 9, 7, 9, 9, 9, 7, 9, 9, 7, 9, 9, 9, 9, 9, 9, 9, 9, 9, 9, 9, 9, 9, 9, 9, 9, 9, 9, 9, 9, 9, 9, 9, 9, 9, 9, 9, 9, 9, 9, 9, 9, 9, 9, 9, 9, 9, 9]",0.23900239723385522,323.0472129688722,0.08488528427255643,0.10115969274094863,0.0,170406.973,6.255,252.709,4217.888,2.145,40317,40317,40317,1063,6.293775933609958,5.4,0.9717715,1.8931941,0.05034891
0.0,-1.0,-0.041666666666666664,8.891666666666667,120,2,41384,1067,41384,False,4763,39,c1f88_00000,c6b46d9eac1a4621a3df776a6d12b0ac,2022-05-25_20-22-43,1653502963,168.88478779792786,6791.5889728069305,4898,n5.lab-ia.local,192.168.100.5,6791.5889728069305,41384,39,19.96063470840454,"[0.0, 0.0, 0.0, 0.0, 0.0, 0.0, 0.0, 0.0, 0.0, 0.0, 0.0, 0.0, 0.0, 0.0, 0.0, 0.0, 0.0, 0.0, 0.0, 0.0, 0.0, 0.0, 0.0, 0.0, 0.0, 0.0, 0.0, 0.0, 0.0, 0.0, 0.0, -1.0, 0.0, 0.0, 0.0, 0.0, 0.0, 0.0, 0.0, 0.0, -1.0, 0.0, 0.0, 0.0, 0.0, 0.0, 0.0, 0.0, 0.0, 0.0, 0.0, 0.0, 0.0, 0.0, 0.0, 0.0, 0.0, 0.0, 0.0, 0.0, 0.0, 0.0, 0.0, 0.0, 0.0, 0.0, 0.0, 0.0, 0.0, 0.0, 0.0, 0.0, 0.0, 0.0, 0.0, 0.0, 0.0, 0.0, 0.0, -1.0, 0.0, 0.0, 0.0, 0.0, 0.0, 0.0, 0.0, 0.0, 0.0, 0.0, 0.0, 0.0, 0.0, 0.0, 0.0, 0.0, 0.0, -1.0, 0.0, 0.0, 0.0, 0.0, 0.0, 0.0, 0.0, -1.0, 0.0, 0.0, 0.0, 0.0, 0.0, 0.0, 0.0, 0.0, 0.0, 0.0, 0.0, 0.0, 0.0, 0.0]","[9, 9, 9, 9, 9, 9, 9, 9, 9, 9, 9, 9, 9, 9, 9, 9, 9, 9, 9, 9, 9, 9, 9, 9, 9, 9, 9, 9, 9, 9, 9, 5, 9, 9, 9, 9, 9, 9, 9, 9, 8, 9, 9, 9, 9, 9, 9, 9, 9, 9, 9, 9, 9, 9, 9, 9, 9, 9, 9, 9, 9, 9, 9, 9, 9, 9, 9, 9, 9, 9, 9, 9, 9, 9, 9, 9, 9, 9, 9, 7, 9, 9, 9, 9, 9, 9, 9, 9, 9, 9, 9, 9, 9, 9, 9, 9, 9, 5, 9, 9, 9, 9, 9, 9, 9, 7, 9, 9, 9, 9, 9, 9, 9, 9, 9, 9, 9, 9, 9, 9]",0.2469650134625166,322.6902506687882,0.08482105254755815,0.10117767059850676,0.0,169792.727,6.281,252.734,4219.856,2.093,41384,41384,41384,1067,6.223236514522822,5.4,0.94737065,1.8649157,0.029825624
0.0,-1.0,-0.05,8.85,120,2,42446,1062,42446,True,4883,40,c1f88_00000,c6b46d9eac1a4621a3df776a6d12b0ac,2022-05-25_20-25-32,1653503132,168.43021607398987,6960.01918888092,4898,n5.lab-ia.local,192.168.100.5,6960.01918888092,42446,40,19.96063470840454,"[0.0, 0.0, 0.0, 0.0, -1.0, 0.0, 0.0, 0.0, 0.0, 0.0, 0.0, 0.0, 0.0, 0.0, 0.0, 0.0, 0.0, 0.0, 0.0, 0.0, 0.0, 0.0, 0.0, 0.0, 0.0, 0.0, 0.0, 0.0, 0.0, 0.0, 0.0, 0.0, 0.0, 0.0, -1.0, 0.0, 0.0, 0.0, 0.0, 0.0, 0.0, 0.0, 0.0, 0.0, 0.0, 0.0, 0.0, 0.0, 0.0, 0.0, 0.0, 0.0, 0.0, 0.0, 0.0, 0.0, 0.0, 0.0, 0.0, -1.0, 0.0, 0.0, 0.0, 0.0, 0.0, 0.0, -1.0, 0.0, 0.0, 0.0, 0.0, 0.0, 0.0, 0.0, 0.0, 0.0, 0.0, -1.0, 0.0, -1.0, 0.0, 0.0, 0.0, 0.0, 0.0, 0.0, 0.0, 0.0, 0.0, 0.0, 0.0, 0.0, 0.0, 0.0, 0.0, 0.0, 0.0, 0.0, 0.0, 0.0, 0.0, 0.0, 0.0, 0.0, 0.0, 0.0, 0.0, 0.0, 0.0, 0.0, 0.0, 0.0, 0.0, 0.0, 0.0, 0.0, 0.0, 0.0, 0.0, 0.0]","[9, 9, 9, 9, 7, 9, 9, 9, 9, 9, 9, 9, 9, 9, 9, 9, 9, 9, 9, 9, 9, 9, 9, 9, 9, 9, 9, 9, 9, 9, 9, 9, 9, 9, 5, 9, 9, 9, 9, 9, 9, 9, 9, 9, 9, 9, 9, 9, 9, 9, 9, 9, 9, 9, 9, 9, 9, 9, 9, 6, 9, 9, 9, 9, 9, 9, 5, 9, 9, 9, 9, 9, 9, 9, 9, 9, 9, 5, 9, 8, 9, 9, 9, 9, 9, 9, 9, 9, 9, 9, 9, 9, 9, 9, 9, 9, 9, 9, 9, 9, 9, 9, 9, 9, 9, 9, 9, 9, 9, 9, 9, 9, 9, 9, 9, 9, 9, 9, 9, 9]",0.24626268875977447,322.36458152889486,0.0847362422477383,0.101151446706987,0.0,169214.252,6.302,252.442,4224.329,2.087,42446,42446,42446,1062,6.220000000000001,5.400000000000001,0.9629202,1.8920151,0.03382533
